user_id,first_active,last_active
1,2026-03-23,2026-09-06
2,2026-05-30,2026-11-08
3,2026-05-11,2026-10-31
4,2026-01-10,2026-07-04
5,2026-02-22,2026-08-18
6,2026-03-18,2026-09-07
7,2026-03-30,2026-09-18
8,2026-04-19,2026-10-07
9,2026-01-30,2026-07-27
10,2026-04-26,2026-07-24
11,2025-12-25,2026-05-30
12,2026-02-17,2026-06-06
13,2026-01-12,2026-07-08
14,2025-12-16,2026-06-08
15,2026-02-06,2026-07-16
16,2026-01-20,2026-05-17
17,2026-08-10,2026-10-20
18,2026-03-11,2026-09-02
19,2026-02-28,2026-07-30
20,2026-02-05,2026-07-14
21,2026-04-30,2026-09-06
22,2026-05-20,2026-11-11
23,2026-03-15,2026-08-17
24,2026-02-27,2026-04-11
25,2026-06-24,2026-11-14
26,2026-05-11,2026-09-30
27,2026-04-02,2026-09-08
28,2026-02-23,2026-08-05
29,2026-01-23,2026-07-12
30,2026-03-19,2026-09-05
31,2025-12-13,2026-05-28
32,2026-04-13,2026-09-11
33,2026-01-22,2026-07-18
34,2026-04-16,2026-09-26
35,2026-06-27,2026-11-22
36,2026-02-02,2026-07-13
37,2026-03-05,2026-08-25
38,2026-03-14,2026-08-23
39,2026-03-18,2026-08-10
40,2026-02-16,2027-11-27
41,2025-12-26,2026-06-19
42,2026-07-19,2026-10-24
43,2026-01-26,2026-07-09
44,2026-07-12,2026-10-26
45,2026-02-06,2026-08-02
46,2026-05-15,2026-10-21
47,2026-01-12,2026-05-16
48,2026-01-02,2026-06-21
49,2026-07-03,2026-09-21
50,2026-03-21,2026-08-02
51,2026-04-12,2026-09-16
52,2026-02-02,2026-06-24
53,2026-01-22,2026-06-26
54,2026-04-03,2026-09-07
55,2026-05-28,2026-11-19
56,2026-04-27,2026-10-02
57,2026-01-10,2026-06-28
58,2026-01-13,2026-05-16
59,2026-05-22,2026-11-02
60,2025-12-16,2026-05-23
61,2026-04-10,2026-09-09
62,2026-01-31,2026-07-24
63,2026-04-22,2026-08-01
64,2026-03-10,2026-06-13
65,2026-04-09,2026-09-23
66,2025-12-04,2026-05-23
67,2026-02-28,2026-08-20
68,2026-03-27,2026-08-18
69,2026-06-12,2026-11-10
70,2026-04-07,2026-05-09
71,2026-05-25,2026-11-05
72,2025-12-21,2026-06-09
73,2026-02-23,2026-05-29
74,2026-04-09,2026-09-11
75,2025-12-07,2026-06-01
76,2026-01-27,2026-07-13
77,2026-04-01,2026-09-05
78,2026-02-09,2026-07-26
79,2026-10-28,2026-10-28
80,2026-04-26,2026-10-18
81,2026-05-31,2026-11-02
82,2026-05-15,2026-05-15
83,2026-01-16,2026-06-26
84,2026-01-23,2026-05-23
85,2026-02-18,2026-06-08
86,2026-06-24,2026-06-29
87,2026-01-04,2026-06-04
88,2026-02-28,2026-08-18
89,2026-03-01,2026-08-03
90,2026-01-24,2026-07-07
91,2026-04-07,2026-08-27
92,2026-02-21,2026-08-08
93,2025-12-27,2026-06-10
94,2026-04-18,2026-09-12
95,2026-06-03,2026-11-27
96,2025-12-17,2026-06-09
97,2026-04-05,2026-09-18
98,2026-06-03,2026-07-30
99,2026-03-29,2026-07-06
100,2026-04-07,2026-09-27
101,2026-03-19,2026-06-07
102,2026-04-27,2026-08-30
103,2026-03-05,2026-08-25
104,2026-02-02,2026-07-16
105,2026-02-02,2026-05-21
106,2026-04-29,2026-10-09
107,2026-02-26,2026-08-22
108,2026-01-03,2026-06-21
109,2026-04-15,2026-09-16
110,2026-03-13,2026-08-30
111,2026-04-30,2026-10-05
112,2026-03-12,2026-08-19
113,2026-07-02,2026-07-02
114,2026-03-17,2026-08-26
115,2026-05-17,2026-09-26
116,2026-02-15,2026-02-18
117,2026-03-15,2026-08-04
118,2026-04-10,2026-10-04
119,2026-04-08,2026-06-04
120,2026-01-16,2026-07-03
121,2026-01-31,2026-07-24
122,2026-04-17,2026-09-20
123,2026-01-30,2026-07-14
124,2026-02-22,2026-07-09
125,2026-03-09,2026-08-12
126,2026-02-15,2026-02-15
127,2026-01-18,2026-06-18
128,2026-01-25,2026-07-08
129,2026-06-02,2026-10-29
130,2026-06-06,2026-11-21
131,2026-03-28,2026-09-09
132,2026-05-05,2026-07-31
133,2026-04-06,2026-09-13
134,2026-03-10,2026-09-01
135,2026-03-11,2026-08-02
136,2026-01-15,2026-05-25
137,2025-12-14,2026-06-02
138,2025-12-11,2026-06-04
139,2026-03-12,2026-08-09
140,2026-01-13,2026-07-04
141,2026-09-06,2026-09-06
142,2026-02-01,2026-07-23
143,2025-12-19,2026-05-29
144,2026-04-01,2026-09-06
145,2026-01-09,2026-06-30
146,2026-01-09,2026-06-22
147,2025-12-14,2026-05-28
148,2026-06-13,2026-11-26
149,2026-06-12,2026-11-11
150,2026-01-23,2026-07-20
151,2026-03-19,2026-09-05
152,2026-01-30,2026-06-11
153,2025-12-13,2026-05-17
154,2026-04-20,2026-10-15
155,2026-04-15,2026-10-05
156,2026-02-28,2026-07-28
157,2026-05-29,2026-11-13
158,2026-04-29,2026-10-15
159,2026-02-12,2026-07-26
160,2026-06-12,2026-11-09
161,2026-04-29,2026-08-26
162,2026-06-07,2026-10-10
163,2026-01-03,2026-06-22
164,2026-06-06,2027-11-15
165,2026-03-05,2026-08-16
166,2026-03-26,2026-09-07
167,2026-02-09,2026-04-14
168,2025-12-14,2026-04-22
169,2026-03-17,2026-08-28
170,2026-04-01,2026-09-13
171,2026-04-24,2026-09-08
172,2026-01-30,2026-06-18
173,2026-03-23,2026-07-30
174,2026-04-08,2026-10-01
175,2026-04-29,2026-08-24
176,2026-01-07,2026-06-23
177,2026-05-26,2026-11-20
178,2026-06-14,2026-06-15
179,2026-01-12,2026-06-24
180,2026-02-13,2026-06-02
181,2026-05-22,2026-11-09
182,2026-06-18,2026-10-16
183,2026-02-02,2026-06-06
184,2026-01-27,2026-07-23
185,2026-05-25,2026-11-09
186,2026-02-14,2026-07-17
187,2026-04-26,2026-10-19
188,2026-10-17,2026-10-17
189,2025-12-11,2026-05-23
190,2026-05-17,2026-08-29
191,2026-01-30,2026-07-15
192,2026-07-18,2026-07-18
193,2026-05-15,2026-11-02
194,2026-07-03,2026-08-12
195,2025-12-27,2026-06-11
196,2026-03-14,2026-07-01
197,2025-12-06,2026-05-12
198,2026-06-01,2026-10-04
199,2026-05-22,2026-11-15
200,2026-03-21,2026-09-13
201,2026-01-14,2026-06-28
202,2026-05-27,2026-09-13
203,2026-04-09,2026-09-03
204,2026-05-29,2026-10-07
205,2026-01-22,2026-07-07
206,2026-04-06,2026-09-10
207,2026-05-31,2026-09-03
208,2026-01-11,2026-07-03
209,2026-05-17,2026-10-13
210,2026-01-24,2026-07-03
211,2026-04-14,2026-09-22
212,2026-05-13,2026-10-27
213,2026-01-23,2026-07-03
214,2026-09-28,2026-11-12
215,2026-05-08,2026-10-01
216,2026-03-24,2026-09-09
217,2026-06-07,2026-09-25
218,2026-02-23,2026-07-18
219,2025-12-25,2026-06-14
220,2026-05-21,2026-10-25
221,2026-04-02,2026-09-27
222,2025-12-25,2026-06-04
223,2026-05-15,2026-05-15
224,2026-04-29,2026-07-15
225,2026-05-02,2026-10-22
226,2026-02-04,2026-07-14
227,2026-04-26,2026-09-16
228,2026-04-19,2026-08-14
229,2026-03-13,2026-06-30
230,2026-05-15,2026-10-28
231,2026-03-11,2026-08-13
232,2026-03-27,2026-06-06
233,2026-03-30,2026-08-10
234,2026-02-24,2026-07-12
235,2026-05-10,2026-10-07
236,2026-03-07,2026-03-07
237,2026-01-06,2026-06-27
238,2026-04-12,2026-08-11
239,2026-03-03,2026-08-23
240,2025-12-31,2026-06-17
241,2026-05-26,2026-11-15
242,2026-04-02,2026-09-01
243,2026-02-12,2026-07-15
244,2026-03-25,2026-09-15
245,2026-04-20,2026-10-05
246,2026-03-04,2026-07-30
247,2026-01-02,2026-06-13
248,2026-03-05,2026-07-19
249,2026-02-22,2026-07-24
250,2026-05-13,2026-10-25
251,2026-04-09,2026-10-04
252,2026-03-15,2026-07-19
253,2026-04-30,2026-09-26
254,2026-01-10,2026-06-29
255,2026-04-03,2026-08-21
256,2026-04-07,2026-09-08
257,2025-12-26,2026-05-31
258,2026-05-03,2026-10-22
259,2026-02-06,2026-07-25
260,2026-05-15,2026-09-11
261,2026-01-21,2026-06-18
262,2026-05-15,2026-09-13
263,2026-03-11,2026-09-03
264,2026-01-14,2026-06-23
265,2026-03-30,2026-09-13
266,2026-03-30,2026-09-19
267,2026-03-01,2026-08-15
268,2026-02-03,2026-07-22
269,2026-02-23,2026-06-19
270,2026-02-06,2026-07-23
271,2026-03-30,2026-09-15
272,2026-04-06,2026-09-18
273,2026-06-26,2026-06-26
274,2026-06-16,2026-11-07
275,2026-05-03,2026-10-14
276,2026-04-17,2026-10-03
277,2026-01-05,2026-06-03
278,2026-02-26,2026-07-01
279,2026-03-03,2026-07-06
280,2026-05-22,2026-11-14
281,2026-04-24,2026-06-29
282,2026-05-26,2026-10-25
283,2026-05-18,2026-11-04
284,2026-01-27,2026-06-06
285,2026-03-29,2026-09-20
286,2026-03-06,2026-08-27
287,2026-03-15,2026-08-30
288,2026-03-23,2026-06-14
289,2026-04-27,2026-08-04
290,2026-01-03,2026-06-23
291,2026-05-21,2026-11-12
292,2026-05-04,2026-10-25
293,2026-02-14,2026-07-21
294,2026-02-07,2026-06-16
295,2026-06-04,2026-10-22
296,2026-03-26,2026-09-19
297,2026-03-17,2026-07-26
298,2026-03-25,2026-08-30
299,2026-05-06,2026-10-02
300,2026-03-08,2026-08-31
301,2026-04-16,2026-07-20
302,2026-01-19,2026-07-15
303,2026-05-16,2026-11-07
304,2026-05-16,2026-11-02
305,2026-06-05,2026-11-07
306,2026-02-16,2026-08-09
307,2026-06-06,2026-11-17
308,2025-12-18,2026-06-03
309,2026-01-18,2026-06-26
310,2025-12-22,2026-06-08
311,2025-12-31,2026-06-24
312,2025-12-07,2026-05-29
313,2026-05-09,2026-10-24
314,2026-02-11,2026-08-01
315,2025-12-25,2026-06-02
316,2026-04-28,2026-09-29
317,2026-04-20,2026-10-10
318,2026-03-10,2026-08-22
319,2026-03-06,2026-08-18
320,2026-01-04,2026-06-26
321,2026-01-31,2026-07-27
322,2026-03-09,2026-08-18
323,2026-04-07,2027-11-04
324,2026-02-16,2026-07-24
325,2025-12-22,2026-04-30
326,2026-02-09,2026-07-23
327,2026-03-15,2026-09-03
328,2025-12-18,2026-05-24
329,2026-04-17,2026-08-12
330,2026-02-22,2026-08-06
331,2026-03-03,2026-08-21
332,2026-04-23,2026-09-24
333,2026-02-10,2026-07-08
334,2026-02-11,2026-08-07
335,2026-04-29,2026-09-10
336,2026-01-19,2026-07-17
337,2026-04-18,2026-10-13
338,2026-04-16,2026-10-03
339,2026-05-06,2026-09-17
340,2026-02-06,2026-06-20
341,2026-01-12,2026-07-06
342,2026-01-23,2026-04-11
343,2026-06-11,2026-10-26
344,2026-03-13,2026-09-02
345,2026-09-18,2026-10-21
346,2026-06-03,2026-11-13
347,2026-03-03,2026-08-23
348,2026-03-16,2026-09-02
349,2026-01-23,2026-06-04
350,2026-02-06,2026-08-02
351,2025-12-24,2026-06-16
352,2026-04-26,2026-10-07
353,2026-06-04,2026-09-30
354,2025-12-21,2026-05-27
355,2026-05-29,2026-11-10
356,2026-02-16,2026-08-03
357,2025-12-21,2026-06-06
358,2026-04-24,2026-10-13
359,2026-07-14,2026-07-14
360,2026-02-02,2026-04-05
361,2025-12-13,2027-06-29
362,2026-04-02,2026-09-11
363,2026-04-13,2026-10-03
364,2026-04-15,2026-10-03
365,2026-06-12,2026-10-08
366,2026-02-28,2026-02-28
367,2026-03-10,2026-04-23
368,2026-04-11,2026-09-23
369,2026-03-22,2026-08-31
370,2026-04-03,2026-09-26
371,2026-04-22,2026-09-22
372,2026-03-17,2026-09-09
373,2026-02-15,2026-07-30
374,2026-01-11,2026-06-17
375,2026-04-30,2026-09-18
376,2026-04-06,2026-09-05
377,2026-06-02,2026-11-16
378,2026-06-04,2026-11-14
379,2025-12-16,2026-06-13
380,2026-01-13,2026-07-06
381,2026-03-08,2026-08-26
382,2025-12-04,2026-05-27
383,2026-02-03,2026-07-10
384,2025-12-24,2026-05-20
385,2026-04-14,2026-09-18
386,2026-02-04,2027-09-09
387,2026-03-31,2026-08-18
388,2025-12-06,2026-05-01
389,2026-04-21,2026-05-21
390,2026-03-07,2027-12-28
391,2026-02-21,2026-06-26
392,2026-03-27,2026-08-05
393,2026-02-10,2026-07-24
394,2026-01-13,2026-04-28
395,2026-06-01,2026-08-05
396,2026-05-05,2026-09-20
397,2026-01-17,2026-06-14
398,2026-05-14,2026-07-28
399,2026-07-08,2026-07-08
400,2025-12-31,2026-05-01
401,2026-04-21,2026-10-01
402,2025-12-05,2026-05-31
403,2026-01-10,2026-04-24
404,2026-02-02,2026-07-24
405,2026-05-31,2026-07-18
406,2026-03-12,2026-09-01
407,2026-01-23,2026-07-08
408,2026-05-28,2026-10-06
409,2026-01-07,2026-06-23
410,2026-04-07,2026-09-25
411,2025-12-23,2026-06-01
412,2026-03-28,2026-08-08
413,2026-03-25,2026-09-07
414,2026-04-01,2026-08-10
415,2026-04-24,2027-11-16
416,2026-05-05,2026-10-14
417,2026-04-29,2026-10-07
418,2025-12-23,2026-06-13
419,2026-04-24,2026-10-02
420,2026-02-05,2026-07-22
421,2026-03-22,2026-08-24
422,2026-05-17,2026-10-14
423,2026-05-29,2026-11-12
424,2026-01-28,2026-07-21
425,2026-01-14,2026-07-09
426,2026-05-07,2026-10-10
427,2026-02-01,2026-07-24
428,2026-05-12,2026-10-20
429,2026-02-19,2026-06-22
430,2026-05-23,2026-09-17
431,2026-03-15,2026-03-15
432,2026-04-18,2026-09-26
433,2026-05-02,2026-10-02
434,2026-05-04,2026-10-18
435,2025-12-09,2026-05-30
436,2026-06-19,2026-10-11
437,2026-05-19,2026-09-02
438,2026-01-10,2026-07-06
439,2026-04-21,2026-07-08
440,2026-02-08,2026-07-20
441,2026-03-19,2026-07-01
442,2026-02-22,2026-08-15
443,2026-03-02,2026-07-27
444,2025-12-08,2026-04-28
445,2026-01-17,2026-06-10
446,2026-05-14,2026-11-02
447,2026-04-20,2026-09-09
448,2026-06-05,2026-11-24
449,2026-05-13,2026-10-17
450,2025-12-21,2026-06-03
451,2025-12-13,2026-06-04
452,2026-05-31,2026-09-14
453,2026-04-13,2026-09-29
454,2026-03-20,2026-09-09
455,2026-02-13,2026-07-12
456,2026-03-27,2026-07-30
457,2026-04-29,2026-04-29
458,2026-06-07,2026-11-22
459,2026-03-08,2026-09-02
460,2026-02-03,2026-07-27
461,2026-01-14,2026-06-19
462,2026-04-06,2026-08-23
463,2026-01-13,2026-07-04
464,2026-03-31,2026-09-15
465,2026-02-21,2026-08-09
466,2025-12-14,2026-05-27
467,2026-05-23,2026-10-09
468,2026-05-28,2026-11-11
469,2026-04-12,2026-10-01
470,2026-04-08,2026-09-29
471,2026-01-18,2026-07-02
472,2026-03-30,2026-09-07
473,2026-06-08,2026-09-26
474,2026-01-12,2026-07-08
475,2026-05-03,2026-10-19
476,2026-03-14,2026-07-31
477,2026-04-22,2026-09-30
478,2026-06-14,2026-11-01
479,2026-06-07,2026-06-07
480,2026-01-23,2026-07-11
481,2026-03-28,2026-07-30
482,2026-01-23,2026-07-15
483,2026-05-31,2026-11-01
484,2026-05-31,2026-11-06
485,2026-05-27,2026-10-10
486,2026-05-20,2026-10-10
487,2026-02-01,2026-07-22
488,2026-02-24,2027-11-05
489,2026-01-25,2026-06-06
490,2026-02-21,2026-08-08
491,2026-06-17,2026-11-19
492,2026-06-09,2026-11-13
493,2026-05-11,2026-10-30
494,2026-06-08,2026-11-19
495,2026-02-18,2026-08-08
496,2026-05-20,2026-11-12
497,2026-02-06,2026-07-24
498,2026-02-15,2026-08-08
499,2026-04-30,2026-10-15
500,2026-02-08,2027-11-17
501,2026-01-05,2026-06-12
502,2026-08-06,2026-08-29
503,2026-05-11,2026-09-06
504,2026-02-01,2026-07-26
505,2026-03-19,2026-08-26
506,2026-03-06,2026-08-25
507,2025-12-26,2026-06-17
508,2025-12-31,2026-05-19
509,2026-05-08,2026-10-08
510,2026-04-24,2026-09-26
511,2026-04-03,2026-06-18
512,2026-04-02,2026-08-26
513,2026-03-27,2026-05-04
514,2026-04-08,2026-09-13
515,2026-03-23,2026-09-10
516,2026-01-07,2026-05-19
517,2026-03-05,2026-08-13
518,2026-04-15,2026-09-03
519,2026-03-26,2026-07-08
520,2026-05-23,2026-10-25
521,2026-03-19,2026-09-13
522,2026-05-08,2026-08-05
523,2026-01-24,2026-07-08
524,2026-04-22,2026-10-05
525,2026-05-04,2026-10-13
526,2026-01-31,2026-07-22
527,2026-05-16,2026-11-06
528,2026-02-25,2026-08-10
529,2025-12-25,2026-05-29
530,2025-12-15,2026-06-06
531,2026-02-14,2026-02-21
532,2025-12-09,2026-05-20
533,2026-04-05,2026-08-05
534,2026-01-12,2026-06-23
535,2026-01-06,2026-06-18
536,2026-03-28,2026-09-16
537,2026-01-07,2026-07-03
538,2026-05-11,2026-11-05
539,2026-03-19,2026-08-24
540,2026-03-17,2026-08-23
541,2026-03-01,2026-08-17
542,2026-06-09,2026-08-20
543,2026-05-16,2026-09-03
544,2026-04-06,2026-09-29
545,2026-02-01,2026-06-21
546,2026-04-03,2026-09-13
547,2026-04-30,2026-09-23
548,2026-04-20,2026-09-10
549,2026-03-09,2026-08-27
550,2026-01-18,2026-05-12
551,2026-03-02,2026-08-02
552,2025-12-17,2026-06-04
553,2026-03-25,2026-08-19
554,2026-04-25,2026-09-17
555,2026-05-11,2026-10-23
556,2026-01-02,2026-06-29
557,2026-05-25,2026-09-28
558,2026-02-08,2026-06-18
559,2025-12-18,2026-06-06
560,2026-08-08,2026-11-12
561,2026-05-04,2026-10-25
562,2026-03-13,2026-08-22
563,2026-02-23,2026-07-21
564,2026-04-22,2026-08-29
565,2026-04-18,2026-09-30
566,2026-03-10,2026-08-19
567,2026-06-15,2026-10-08
568,2025-12-30,2026-06-06
569,2026-01-10,2026-06-26
570,2025-12-31,2026-06-05
571,2026-05-25,2026-11-01
572,2026-01-09,2026-06-04
573,2026-05-02,2026-10-10
574,2026-01-22,2026-06-27
575,2026-08-10,2026-08-10
576,2026-03-19,2026-06-11
577,2026-04-04,2026-09-17
578,2026-03-01,2026-08-18
579,2026-07-18,2026-09-07
580,2026-03-13,2026-07-20
581,2026-03-17,2026-08-13
582,2026-03-11,2026-08-31
583,2026-01-01,2026-06-21
584,2026-04-19,2026-08-28
585,2026-01-09,2026-06-16
586,2026-03-22,2026-07-15
587,2026-05-30,2026-10-27
588,2026-04-23,2026-08-30
589,2026-03-26,2026-09-09
590,2025-12-10,2026-06-03
591,2026-01-25,2026-07-05
592,2026-04-04,2026-08-19
593,2026-04-22,2026-05-20
594,2026-05-13,2026-11-07
595,2026-01-20,2026-06-29
596,2026-06-29,2026-09-06
597,2026-05-19,2026-10-16
598,2026-05-15,2026-10-31
599,2026-01-08,2026-05-31
600,2026-04-29,2026-09-22
601,2026-03-10,2026-08-23
602,2026-02-10,2026-04-30
603,2026-04-06,2026-04-06
604,2026-04-01,2026-09-12
605,2026-04-08,2026-09-19
606,2026-04-16,2026-10-04
607,2026-03-11,2026-06-27
608,2026-05-27,2026-11-16
609,2026-04-21,2026-07-14
610,2026-02-04,2026-07-27
611,2026-06-11,2026-11-27
612,2026-05-16,2026-05-16
613,2026-06-15,2026-11-19
614,2025-12-10,2026-06-05
615,2026-05-16,2026-06-24
616,2026-04-28,2026-10-16
617,2026-02-28,2026-07-12
618,2026-04-25,2026-10-05
619,2026-03-01,2026-08-25
620,2026-01-20,2026-04-17
621,2026-05-10,2026-10-23
622,2026-05-07,2026-08-23
623,2026-05-04,2026-10-04
624,2026-04-08,2026-09-15
625,2026-04-23,2026-10-10
626,2026-05-13,2026-10-01
627,2025-12-17,2026-06-05
628,2026-01-28,2026-07-17
629,2025-12-09,2026-05-31
630,2026-02-18,2026-07-25
631,2026-05-14,2026-05-24
632,2025-12-24,2026-06-18
633,2026-05-07,2026-10-22
634,2026-04-15,2026-09-13
635,2026-02-06,2026-06-10
636,2026-03-21,2026-08-21
637,2026-03-17,2026-09-04
638,2026-06-07,2026-11-24
639,2026-04-01,2026-09-18
640,2025-12-29,2026-05-14
641,2026-04-15,2026-04-15
642,2026-01-07,2026-07-02
643,2026-05-18,2026-10-28
644,2026-03-13,2026-08-26
645,2026-01-24,2026-06-07
646,2026-05-20,2026-11-01
647,2025-12-29,2026-04-16
648,2026-05-29,2026-11-04
649,2026-05-02,2026-09-13
650,2026-01-20,2026-07-11
651,2026-05-28,2026-11-16
652,2026-04-01,2026-09-19
653,2026-04-28,2026-10-20
654,2026-06-04,2026-11-19
655,2026-04-08,2026-08-31
656,2026-03-08,2026-08-24
657,2026-02-12,2026-06-27
658,2026-05-27,2026-10-24
659,2025-12-17,2026-05-23
660,2025-12-14,2026-05-26
661,2026-02-06,2026-07-24
662,2026-02-14,2026-07-06
663,2026-01-10,2026-06-29
664,2026-04-17,2026-08-06
665,2026-06-11,2026-08-06
666,2026-02-01,2026-07-01
667,2026-05-10,2026-10-13
668,2026-01-05,2026-06-26
669,2026-05-08,2026-05-08
670,2026-04-26,2026-09-09
671,2026-03-05,2026-08-19
672,2026-01-12,2026-07-05
673,2026-06-02,2026-11-09
674,2026-05-03,2026-10-02
675,2026-03-14,2026-03-14
676,2026-03-08,2026-08-05
677,2025-12-11,2026-05-01
678,2026-05-07,2026-10-21
679,2026-03-11,2026-07-14
680,2026-03-14,2026-08-21
681,2026-02-01,2026-07-10
682,2026-01-18,2026-07-08
683,2026-04-09,2026-09-16
684,2026-04-13,2026-09-18
685,2026-06-03,2026-11-13
686,2025-12-14,2026-05-23
687,2026-03-22,2026-08-25
688,2026-03-01,2026-06-22
689,2025-12-20,2026-05-30
690,2026-04-16,2026-08-23
691,2026-04-12,2026-09-04
692,2026-03-14,2026-08-01
693,2026-03-06,2026-08-22
694,2026-01-19,2026-06-25
695,2026-03-22,2026-08-10
696,2026-02-10,2026-07-24
697,2026-01-29,2026-07-02
698,2026-01-02,2026-06-26
699,2026-04-26,2026-10-10
700,2026-01-22,2026-05-12
701,2026-03-08,2026-07-26
702,2026-03-09,2026-08-20
703,2026-07-12,2026-10-07
704,2026-04-11,2026-10-03
705,2026-05-01,2026-10-19
706,2026-02-02,2026-06-20
707,2026-01-26,2026-07-17
708,2026-04-27,2026-10-20
709,2026-04-12,2026-10-04
710,2026-04-03,2026-04-03
711,2026-05-13,2026-11-04
712,2026-05-03,2026-09-09
713,2026-05-17,2026-10-24
714,2026-01-09,2026-06-15
715,2026-05-11,2026-10-17
716,2026-03-23,2026-09-09
717,2026-01-01,2026-06-29
718,2026-02-21,2026-07-15
719,2026-05-27,2026-08-30
720,2026-05-07,2026-10-20
721,2026-03-18,2026-08-16
722,2026-06-10,2026-09-30
723,2026-05-15,2026-10-31
724,2026-01-17,2026-06-20
725,2025-12-27,2026-06-14
726,2026-02-05,2026-07-12
727,2026-04-22,2026-09-02
728,2026-04-05,2026-09-12
729,2026-06-24,2026-10-26
730,2026-04-12,2026-09-23
731,2026-06-24,2026-09-08
732,2026-04-06,2026-09-28
733,2026-01-18,2026-03-23
734,2026-06-07,2026-10-31
735,2026-02-28,2026-08-23
736,2025-12-24,2026-06-11
737,2026-02-12,2026-08-07
738,2025-12-16,2026-05-20
739,2025-12-17,2026-04-23
740,2026-05-31,2026-09-29
741,2026-06-13,2026-11-14
742,2026-02-22,2026-06-14
743,2026-03-21,2026-03-21
744,2025-12-25,2026-06-10
745,2026-02-12,2026-07-31
746,2026-04-18,2026-09-18
747,2026-05-04,2026-10-18
748,2026-04-14,2026-08-30
749,2026-03-26,2026-09-18
750,2026-08-27,2026-10-08
751,2026-03-25,2026-07-21
752,2026-05-06,2026-10-13
753,2026-06-02,2026-11-13
754,2026-04-23,2026-10-11
755,2026-05-05,2026-05-05
756,2026-03-13,2026-08-26
757,2026-01-26,2026-06-26
758,2026-01-31,2026-03-31
759,2026-03-31,2026-09-19
760,2026-01-03,2026-05-31
761,2026-06-04,2026-09-27
762,2026-03-04,2026-08-29
763,2026-09-20,2026-09-20
764,2026-06-01,2026-10-26
765,2026-03-26,2026-09-11
766,2026-02-24,2026-08-17
767,2026-01-27,2026-07-09
768,2026-05-25,2026-07-03
769,2026-02-11,2026-07-24
770,2026-03-16,2026-08-29
771,2026-03-07,2026-08-26
772,2026-02-19,2026-08-02
773,2026-03-22,2026-08-27
774,2026-01-14,2026-06-14
775,2026-02-19,2026-07-27
776,2026-03-05,2026-08-24
777,2026-01-26,2026-06-20
778,2026-03-13,2026-08-17
779,2026-05-27,2026-10-13
780,2026-04-21,2026-08-17
781,2026-01-29,2026-07-21
782,2026-05-21,2026-09-30
783,2026-01-25,2026-06-23
784,2026-03-01,2026-08-19
785,2026-06-15,2026-11-08
786,2026-04-22,2026-09-25
787,2026-04-22,2026-09-23
788,2026-01-12,2026-07-07
789,2026-04-09,2026-10-01
790,2026-02-11,2026-07-24
791,2026-01-29,2026-07-01
792,2026-02-28,2026-08-21
793,2025-12-03,2026-05-22
794,2026-02-06,2026-07-31
795,2026-03-20,2026-08-20
796,2026-03-20,2026-09-14
797,2026-01-27,2026-05-20
798,2026-02-21,2026-06-14
799,2026-01-28,2026-07-22
800,2026-04-13,2026-09-21
801,2026-06-01,2026-11-26
802,2026-01-23,2026-07-17
803,2026-07-30,2026-09-04
804,2026-04-30,2026-08-23
805,2026-02-17,2026-07-19
806,2026-02-27,2026-08-01
807,2026-03-07,2026-08-28
808,2026-03-17,2026-09-01
809,2026-04-14,2026-09-23
810,2026-04-19,2026-10-01
811,2026-05-01,2026-09-10
812,2026-06-11,2026-11-13
813,2026-05-06,2026-10-19
814,2026-05-25,2026-09-02
815,2026-02-19,2026-07-04
816,2026-06-01,2026-11-23
817,2026-03-13,2026-08-28
818,2026-03-22,2026-09-10
819,2026-05-04,2026-08-15
820,2026-04-10,2026-08-29
821,2026-03-11,2026-05-12
822,2026-10-01,2026-10-11
823,2026-01-02,2026-06-23
824,2026-06-02,2026-07-22
825,2025-12-14,2026-05-29
826,2026-06-16,2026-10-19
827,2026-08-15,2026-08-15
828,2026-01-12,2026-06-08
829,2026-07-05,2026-11-19
830,2026-09-23,2026-09-23
831,2026-03-04,2026-03-04
832,2026-01-25,2026-06-13
833,2026-05-09,2026-11-03
834,2026-02-27,2026-08-03
835,2026-03-13,2026-07-06
836,2026-06-23,2026-11-23
837,2026-03-07,2026-07-13
838,2026-06-03,2026-10-08
839,2026-05-25,2026-11-03
840,2026-04-15,2026-10-08
841,2026-05-05,2026-10-22
842,2026-05-07,2026-10-04
843,2025-12-21,2026-06-03
844,2026-05-17,2026-10-20
845,2026-01-18,2026-07-12
846,2026-06-09,2026-11-18
847,2026-04-14,2026-10-03
848,2026-05-13,2026-10-17
849,2026-03-25,2026-07-05
850,2026-04-13,2026-07-30
851,2026-06-04,2026-08-22
852,2025-12-29,2026-06-20
853,2026-04-01,2026-09-21
854,2026-05-28,2026-10-30
855,2026-05-03,2026-10-08
856,2026-04-23,2026-09-24
857,2026-03-03,2026-08-20
858,2026-06-03,2026-11-10
859,2026-05-30,2026-11-10
860,2025-12-07,2026-05-27
861,2026-01-17,2026-07-10
862,2026-05-31,2026-11-18
863,2026-03-22,2026-09-07
864,2026-05-26,2026-11-10
865,2026-01-23,2026-07-11
866,2026-01-09,2026-02-18
867,2026-04-04,2026-06-22
868,2026-02-06,2026-06-18
869,2026-01-15,2026-06-10
870,2026-05-17,2026-10-29
871,2026-01-07,2026-07-04
872,2026-02-21,2026-07-14
873,2026-04-13,2026-10-05
874,2026-03-22,2026-09-05
875,2025-12-11,2026-05-27
876,2026-05-06,2026-10-14
877,2026-01-02,2026-05-29
878,2025-12-27,2026-06-11
879,2026-05-10,2026-05-12
880,2026-01-06,2026-07-04
881,2026-06-05,2026-11-25
882,2026-04-13,2026-06-08
883,2026-02-28,2026-08-18
884,2026-01-08,2026-06-29
885,2026-03-25,2026-08-18
886,2026-04-27,2026-10-19
887,2025-12-28,2026-05-27
888,2025-12-31,2026-06-09
889,2026-04-22,2026-07-23
890,2026-01-25,2026-04-20
891,2026-06-26,2026-10-16
892,2026-05-30,2026-09-07
893,2026-01-17,2026-07-04
894,2026-02-12,2026-06-20
895,2026-01-14,2026-03-27
896,2026-03-17,2026-09-01
897,2026-04-04,2026-04-04
898,2026-02-21,2026-07-19
899,2026-03-19,2026-07-06
900,2026-01-13,2026-06-19
901,2026-05-13,2026-10-16
902,2026-03-26,2026-09-17
903,2026-04-28,2026-10-22
904,2026-05-08,2026-10-29
905,2026-05-25,2026-11-01
906,2026-05-28,2026-10-25
907,2026-04-22,2026-10-16
908,2026-01-28,2026-05-27
909,2026-08-27,2026-11-02
910,2026-05-14,2026-10-20
911,2026-02-23,2026-06-26
912,2026-05-30,2026-10-24
913,2025-12-16,2026-06-06
914,2026-01-26,2026-07-20
915,2026-01-07,2026-01-07
916,2026-04-01,2026-07-29
917,2026-07-06,2026-10-27
918,2026-05-11,2027-11-30
919,2026-03-27,2026-09-11
920,2026-04-03,2026-09-20
921,2026-04-25,2026-10-21
922,2025-12-11,2026-06-03
923,2026-04-08,2026-10-01
924,2026-07-24,2026-07-24
925,2025-12-28,2026-06-20
926,2026-04-14,2026-09-06
927,2026-03-02,2026-08-28
928,2026-05-07,2026-10-23
929,2026-03-13,2026-08-24
930,2026-05-19,2026-11-02
931,2026-11-11,2026-11-11
932,2026-03-03,2026-08-19
933,2026-04-24,2026-10-03
934,2026-03-17,2026-09-10
935,2025-12-13,2026-06-04
936,2026-03-20,2026-07-25
937,2025-12-27,2026-05-09
938,2026-01-08,2026-06-22
939,2026-02-28,2026-04-03
940,2026-03-20,2026-08-13
941,2026-04-04,2026-09-27
942,2026-03-30,2026-09-11
943,2026-01-07,2026-06-22
944,2026-02-26,2026-08-14
945,2026-04-18,2026-10-07
946,2025-12-27,2026-06-08
947,2026-02-02,2026-07-30
948,2026-05-09,2026-10-30
949,2026-07-06,2026-09-04
950,2026-06-02,2026-11-23
951,2026-03-21,2026-08-27
952,2026-05-01,2026-07-31
953,2026-02-20,2026-08-17
954,2026-05-18,2026-11-03
955,2025-12-06,2026-05-28
956,2026-04-22,2026-10-15
957,2026-06-01,2026-11-19
958,2026-02-27,2026-05-14
959,2026-02-24,2026-07-09
960,2026-05-31,2026-11-15
961,2026-06-08,2026-06-15
962,2026-05-13,2026-07-24
963,2026-01-04,2026-06-25
964,2026-05-04,2026-10-26
965,2026-03-13,2026-09-06
966,2026-02-08,2026-07-22
967,2026-02-28,2026-08-01
968,2026-03-01,2026-08-12
969,2026-05-12,2026-10-30
970,2026-04-11,2026-10-04
971,2025-12-10,2026-06-05
972,2026-06-06,2026-10-30
973,2026-04-02,2026-09-24
974,2026-03-13,2026-08-28
975,2026-01-05,2026-06-24
976,2026-06-15,2026-11-09
977,2026-07-03,2026-10-31
978,2026-04-14,2026-09-24
979,2026-02-24,2026-07-30
980,2026-02-06,2026-07-14
981,2026-03-03,2026-08-21
982,2026-04-06,2026-09-03
983,2026-04-13,2026-08-23
984,2026-04-22,2026-09-08
985,2026-02-08,2026-06-17
986,2026-04-15,2026-09-08
987,2026-03-10,2026-08-25
988,2026-05-07,2026-09-21
989,2026-04-11,2026-09-30
990,2026-04-03,2026-07-30
991,2026-03-23,2026-09-02
992,2026-01-09,2026-07-03
993,2026-02-13,2026-08-02
994,2025-12-06,2026-05-12
995,2026-03-25,2026-06-19
996,2026-03-06,2026-08-13
997,2026-05-19,2026-11-11
998,2026-04-22,2026-10-05
999,2026-05-11,2026-10-09
1000,2026-06-28,2026-06-28
99999,2026-03-05,2026-08-16
