user_id,register_date,channel,total_events,active_days,add_to_cart,order,page_view,payment,segment
1,2026-03-17,organic,62.0,10.0,14.0,6.0,38.0,4.0,高价值客户
2,2026-05-18,social,15.0,2.0,4.0,0.0,11.0,0.0,犹豫中客户
3,2026-05-11,paid,36.0,6.0,7.0,4.0,23.0,2.0,高价值客户
4,2026-01-10,paid,49.0,8.0,6.0,4.0,36.0,3.0,高价值客户
5,2026-02-21,organic,89.0,13.0,18.0,4.0,65.0,2.0,高价值客户
6,2026-03-14,organic,37.0,6.0,8.0,1.0,27.0,1.0,高价值客户
7,2026-03-25,organic,39.0,9.0,5.0,3.0,30.0,1.0,高价值客户
8,2026-04-12,social,52.0,10.0,10.0,1.0,40.0,1.0,高价值客户
9,2026-01-30,paid,109.0,18.0,16.0,5.0,85.0,3.0,高价值客户
10,2026-02-11,paid,18.0,5.0,3.0,1.0,14.0,0.0,犹豫中客户
11,2025-12-16,organic,130.0,21.0,18.0,9.0,97.0,6.0,高价值客户
12,2026-02-11,social,8.0,4.0,0.0,0.0,8.0,0.0,低活客户
13,2026-01-11,social,28.0,4.0,5.0,3.0,18.0,2.0,普通付费客户
14,2025-12-12,organic,122.0,18.0,25.0,10.0,80.0,7.0,高价值客户
15,2026-01-23,organic,74.0,14.0,11.0,3.0,58.0,2.0,高价值客户
16,2025-12-13,organic,17.0,2.0,2.0,1.0,13.0,1.0,普通付费客户
17,2026-05-24,organic,0.0,0.0,0.0,0.0,0.0,0.0,低活客户
18,2026-03-07,paid,38.0,9.0,7.0,2.0,27.0,2.0,高价值客户
19,2026-02-13,organic,49.0,6.0,8.0,2.0,37.0,2.0,高价值客户
20,2026-01-16,organic,75.0,14.0,14.0,4.0,54.0,3.0,高价值客户
21,2026-03-17,paid,10.0,1.0,1.0,1.0,7.0,1.0,普通付费客户
22,2026-05-17,organic,4.0,1.0,1.0,0.0,3.0,0.0,犹豫中客户
23,2026-03-08,organic,25.0,3.0,6.0,4.0,12.0,3.0,普通付费客户
24,2026-01-24,organic,9.0,2.0,1.0,1.0,7.0,0.0,犹豫中客户
25,2026-05-21,organic,0.0,0.0,0.0,0.0,0.0,0.0,低活客户
26,2026-04-12,paid,20.0,3.0,4.0,2.0,13.0,1.0,普通付费客户
27,2026-03-25,organic,31.0,5.0,6.0,2.0,23.0,0.0,犹豫中客户
28,2026-02-12,paid,43.0,11.0,11.0,2.0,28.0,2.0,高价值客户
29,2026-01-17,paid,66.0,13.0,10.0,1.0,54.0,1.0,高价值客户
30,2026-03-17,organic,56.0,12.0,10.0,3.0,42.0,1.0,高价值客户
31,2025-12-05,paid,77.0,15.0,13.0,4.0,57.0,3.0,高价值客户
32,2026-03-26,organic,22.0,3.0,1.0,1.0,19.0,1.0,普通付费客户
33,2026-01-22,organic,73.0,14.0,17.0,7.0,46.0,3.0,高价值客户
34,2026-04-08,social,45.0,8.0,6.0,3.0,34.0,2.0,高价值客户
35,2026-05-31,social,0.0,0.0,0.0,0.0,0.0,0.0,低活客户
36,2026-01-27,social,38.0,7.0,4.0,1.0,32.0,1.0,高价值客户
37,2026-03-04,organic,98.0,15.0,18.0,6.0,72.0,2.0,高价值客户
38,2026-03-12,organic,18.0,4.0,4.0,0.0,14.0,0.0,犹豫中客户
39,2026-03-07,paid,54.0,9.0,11.0,3.0,39.0,1.0,高价值客户
40,2026-02-08,organic,69.0,10.0,10.0,5.0,51.0,3.0,高价值客户
41,2025-12-22,organic,153.0,25.0,34.0,13.0,98.0,8.0,高价值客户
42,2026-05-23,organic,0.0,0.0,0.0,0.0,0.0,0.0,低活客户
43,2026-01-22,organic,96.0,18.0,15.0,4.0,76.0,1.0,高价值客户
44,2026-05-24,social,0.0,0.0,0.0,0.0,0.0,0.0,低活客户
45,2026-02-04,organic,84.0,14.0,15.0,4.0,62.0,3.0,高价值客户
46,2026-04-27,paid,16.0,3.0,1.0,1.0,14.0,0.0,犹豫中客户
47,2026-01-10,organic,66.0,13.0,14.0,3.0,46.0,3.0,高价值客户
48,2025-12-28,paid,122.0,21.0,24.0,5.0,89.0,4.0,高价值客户
49,2026-05-20,paid,0.0,0.0,0.0,0.0,0.0,0.0,低活客户
50,2026-03-11,organic,10.0,3.0,1.0,0.0,9.0,0.0,犹豫中客户
51,2026-03-25,social,34.0,7.0,8.0,4.0,21.0,1.0,高价值客户
52,2025-12-31,paid,47.0,10.0,5.0,2.0,39.0,1.0,高价值客户
53,2026-01-13,social,26.0,7.0,4.0,0.0,22.0,0.0,犹豫中客户
54,2026-03-23,social,46.0,8.0,10.0,1.0,34.0,1.0,高价值客户
55,2026-05-27,paid,16.0,3.0,2.0,1.0,13.0,0.0,犹豫中客户
56,2026-04-07,social,18.0,4.0,2.0,1.0,15.0,0.0,犹豫中客户
57,2026-01-10,organic,79.0,17.0,13.0,2.0,63.0,1.0,高价值客户
58,2026-01-07,organic,47.0,8.0,9.0,3.0,34.0,1.0,高价值客户
59,2026-05-12,organic,6.0,1.0,0.0,0.0,6.0,0.0,低活客户
60,2025-12-10,organic,48.0,10.0,10.0,4.0,33.0,1.0,高价值客户
61,2026-04-06,organic,80.0,13.0,15.0,8.0,51.0,6.0,高价值客户
62,2026-01-28,organic,52.0,12.0,5.0,0.0,47.0,0.0,犹豫中客户
63,2026-04-06,social,17.0,4.0,4.0,2.0,9.0,2.0,普通付费客户
64,2025-12-17,organic,59.0,10.0,8.0,4.0,46.0,1.0,高价值客户
65,2026-04-03,organic,19.0,4.0,3.0,1.0,15.0,0.0,犹豫中客户
66,2025-12-04,paid,129.0,20.0,24.0,9.0,89.0,7.0,高价值客户
67,2026-02-27,organic,77.0,13.0,16.0,5.0,52.0,4.0,高价值客户
68,2026-03-20,social,22.0,3.0,5.0,2.0,15.0,0.0,犹豫中客户
69,2026-05-18,organic,0.0,0.0,0.0,0.0,0.0,0.0,低活客户
70,2026-03-10,social,15.0,3.0,1.0,0.0,14.0,0.0,犹豫中客户
71,2026-05-11,paid,5.0,1.0,1.0,0.0,4.0,0.0,犹豫中客户
72,2025-12-20,organic,97.0,16.0,18.0,7.0,69.0,3.0,高价值客户
73,2026-01-24,organic,26.0,5.0,4.0,1.0,20.0,1.0,高价值客户
74,2026-03-20,social,16.0,4.0,4.0,3.0,7.0,2.0,普通付费客户
75,2025-12-04,paid,133.0,29.0,22.0,4.0,107.0,0.0,犹豫中客户
76,2026-01-20,paid,82.0,14.0,12.0,7.0,59.0,4.0,高价值客户
77,2026-03-13,paid,34.0,4.0,7.0,1.0,25.0,1.0,普通付费客户
78,2026-02-03,organic,70.0,16.0,12.0,1.0,57.0,0.0,犹豫中客户
79,2026-05-04,organic,0.0,0.0,0.0,0.0,0.0,0.0,低活客户
80,2026-04-24,organic,39.0,5.0,8.0,3.0,26.0,2.0,高价值客户
81,2026-05-20,social,9.0,1.0,2.0,1.0,6.0,0.0,犹豫中客户
82,2026-03-14,paid,8.0,1.0,2.0,1.0,5.0,0.0,犹豫中客户
83,2026-01-05,organic,136.0,23.0,26.0,12.0,91.0,7.0,高价值客户
84,2026-01-06,organic,50.0,11.0,10.0,3.0,36.0,1.0,高价值客户
85,2026-01-18,organic,12.0,3.0,2.0,0.0,10.0,0.0,犹豫中客户
86,2026-05-26,organic,0.0,0.0,0.0,0.0,0.0,0.0,低活客户
87,2025-12-31,paid,21.0,7.0,5.0,0.0,16.0,0.0,犹豫中客户
88,2026-02-25,paid,46.0,11.0,8.0,2.0,34.0,2.0,高价值客户
89,2026-02-20,social,82.0,14.0,15.0,3.0,62.0,2.0,高价值客户
90,2026-01-10,organic,48.0,8.0,9.0,3.0,36.0,0.0,犹豫中客户
91,2026-03-18,organic,36.0,6.0,6.0,3.0,25.0,2.0,高价值客户
92,2026-02-21,paid,81.0,14.0,15.0,7.0,55.0,4.0,高价值客户
93,2025-12-25,paid,104.0,21.0,18.0,4.0,81.0,1.0,高价值客户
94,2026-03-30,paid,44.0,6.0,10.0,4.0,27.0,3.0,高价值客户
95,2026-06-02,paid,8.0,1.0,1.0,0.0,7.0,0.0,犹豫中客户
96,2025-12-16,organic,153.0,25.0,29.0,9.0,108.0,7.0,高价值客户
97,2026-03-25,paid,34.0,6.0,9.0,4.0,20.0,1.0,高价值客户
98,2026-04-08,organic,7.0,1.0,2.0,1.0,4.0,0.0,犹豫中客户
99,2026-02-11,organic,15.0,2.0,3.0,2.0,9.0,1.0,普通付费客户
100,2026-04-05,organic,69.0,11.0,15.0,5.0,46.0,3.0,高价值客户
101,2026-01-12,organic,11.0,2.0,2.0,1.0,7.0,1.0,普通付费客户
102,2026-03-16,paid,9.0,1.0,2.0,2.0,3.0,2.0,普通付费客户
103,2026-02-27,organic,80.0,13.0,18.0,7.0,52.0,3.0,高价值客户
104,2026-01-30,paid,119.0,16.0,23.0,8.0,86.0,2.0,高价值客户
105,2025-12-22,social,43.0,7.0,6.0,2.0,33.0,2.0,高价值客户
106,2026-04-18,organic,42.0,6.0,8.0,2.0,30.0,2.0,高价值客户
107,2026-02-26,organic,85.0,15.0,15.0,5.0,61.0,4.0,高价值客户
108,2025-12-28,paid,59.0,13.0,13.0,4.0,39.0,3.0,高价值客户
109,2026-03-21,organic,44.0,6.0,6.0,1.0,36.0,1.0,高价值客户
110,2026-03-12,organic,50.0,10.0,11.0,4.0,33.0,2.0,高价值客户
111,2026-04-21,organic,40.0,7.0,7.0,2.0,29.0,2.0,高价值客户
112,2026-03-04,organic,31.0,6.0,7.0,1.0,23.0,0.0,犹豫中客户
113,2026-01-11,social,0.0,0.0,0.0,0.0,0.0,0.0,低活客户
114,2026-03-07,social,76.0,15.0,18.0,5.0,50.0,3.0,高价值客户
115,2026-04-19,paid,13.0,2.0,2.0,2.0,8.0,1.0,普通付费客户
116,2026-01-28,social,16.0,3.0,1.0,0.0,15.0,0.0,犹豫中客户
117,2026-02-18,social,28.0,5.0,6.0,0.0,22.0,0.0,犹豫中客户
118,2026-04-08,organic,54.0,9.0,10.0,4.0,38.0,2.0,高价值客户
119,2026-01-05,social,10.0,1.0,1.0,0.0,9.0,0.0,犹豫中客户
120,2026-01-16,paid,80.0,20.0,9.0,4.0,65.0,2.0,高价值客户
121,2026-01-30,social,26.0,5.0,4.0,0.0,22.0,0.0,犹豫中客户
122,2026-04-06,social,58.0,9.0,10.0,4.0,42.0,2.0,高价值客户
123,2026-01-19,organic,40.0,8.0,8.0,4.0,25.0,3.0,高价值客户
124,2026-01-29,organic,92.0,15.0,18.0,4.0,69.0,1.0,高价值客户
125,2026-03-03,organic,37.0,11.0,5.0,3.0,28.0,1.0,高价值客户
126,2026-02-02,organic,6.0,1.0,1.0,1.0,3.0,1.0,普通付费客户
127,2026-01-16,social,43.0,7.0,8.0,2.0,32.0,1.0,高价值客户
128,2026-01-24,social,82.0,15.0,17.0,8.0,56.0,1.0,高价值客户
129,2026-05-16,organic,14.0,2.0,2.0,0.0,12.0,0.0,犹豫中客户
130,2026-05-28,paid,0.0,0.0,0.0,0.0,0.0,0.0,低活客户
131,2026-03-26,organic,31.0,6.0,5.0,0.0,26.0,0.0,犹豫中客户
132,2026-04-25,organic,12.0,2.0,3.0,0.0,9.0,0.0,犹豫中客户
133,2026-03-27,organic,9.0,1.0,1.0,0.0,8.0,0.0,犹豫中客户
134,2026-03-06,organic,50.0,11.0,9.0,4.0,35.0,2.0,高价值客户
135,2026-02-05,social,55.0,11.0,10.0,4.0,39.0,2.0,高价值客户
136,2025-12-12,organic,50.0,8.0,8.0,3.0,38.0,1.0,高价值客户
137,2025-12-13,paid,91.0,17.0,23.0,5.0,60.0,3.0,高价值客户
138,2025-12-11,paid,114.0,22.0,17.0,5.0,91.0,1.0,高价值客户
139,2026-02-11,organic,59.0,10.0,9.0,3.0,46.0,1.0,高价值客户
140,2026-01-12,social,86.0,16.0,14.0,5.0,66.0,1.0,高价值客户
141,2026-04-01,social,0.0,0.0,0.0,0.0,0.0,0.0,低活客户
142,2026-01-28,organic,66.0,11.0,10.0,4.0,49.0,3.0,高价值客户
143,2025-12-15,organic,125.0,21.0,26.0,9.0,84.0,6.0,高价值客户
144,2026-04-01,organic,64.0,13.0,15.0,2.0,47.0,0.0,犹豫中客户
145,2026-01-05,organic,136.0,19.0,25.0,11.0,96.0,4.0,高价值客户
146,2026-01-02,organic,106.0,19.0,15.0,3.0,85.0,3.0,高价值客户
147,2025-12-04,paid,107.0,19.0,20.0,7.0,75.0,5.0,高价值客户
148,2026-06-01,paid,0.0,0.0,0.0,0.0,0.0,0.0,低活客户
149,2026-05-23,organic,0.0,0.0,0.0,0.0,0.0,0.0,低活客户
150,2026-01-23,organic,114.0,22.0,22.0,8.0,81.0,3.0,高价值客户
151,2026-03-18,social,53.0,10.0,10.0,2.0,40.0,1.0,高价值客户
152,2026-01-04,organic,27.0,7.0,4.0,0.0,23.0,0.0,犹豫中客户
153,2025-12-05,organic,69.0,11.0,14.0,7.0,46.0,2.0,高价值客户
154,2026-04-19,organic,31.0,5.0,4.0,2.0,24.0,1.0,高价值客户
155,2026-04-12,social,27.0,4.0,5.0,2.0,20.0,0.0,犹豫中客户
156,2026-02-17,organic,36.0,8.0,9.0,1.0,25.0,1.0,高价值客户
157,2026-05-24,paid,10.0,1.0,3.0,0.0,7.0,0.0,犹豫中客户
158,2026-04-24,paid,13.0,2.0,3.0,1.0,8.0,1.0,普通付费客户
159,2026-02-07,organic,139.0,23.0,24.0,7.0,104.0,4.0,高价值客户
160,2026-05-18,paid,0.0,0.0,0.0,0.0,0.0,0.0,低活客户
161,2026-04-18,organic,14.0,3.0,3.0,3.0,7.0,1.0,普通付费客户
162,2026-04-25,paid,0.0,0.0,0.0,0.0,0.0,0.0,低活客户
163,2025-12-30,paid,85.0,18.0,15.0,1.0,68.0,1.0,高价值客户
164,2026-05-17,paid,0.0,0.0,0.0,0.0,0.0,0.0,低活客户
165,2026-03-04,organic,90.0,18.0,17.0,7.0,61.0,5.0,高价值客户
166,2026-03-22,social,87.0,16.0,13.0,8.0,59.0,7.0,高价值客户
167,2025-12-27,organic,41.0,6.0,11.0,5.0,25.0,0.0,犹豫中客户
168,2025-12-08,organic,86.0,12.0,13.0,4.0,65.0,4.0,高价值客户
169,2026-03-05,organic,69.0,11.0,15.0,3.0,51.0,0.0,犹豫中客户
170,2026-03-21,paid,70.0,10.0,11.0,5.0,51.0,3.0,高价值客户
171,2026-04-09,paid,2.0,2.0,0.0,0.0,2.0,0.0,低活客户
172,2026-01-23,organic,75.0,14.0,13.0,6.0,54.0,2.0,高价值客户
173,2026-03-11,paid,10.0,1.0,2.0,1.0,6.0,1.0,普通付费客户
174,2026-04-05,organic,47.0,10.0,10.0,1.0,35.0,1.0,高价值客户
175,2026-04-29,paid,8.0,2.0,1.0,1.0,6.0,0.0,犹豫中客户
176,2025-12-31,organic,78.0,15.0,16.0,4.0,58.0,0.0,犹豫中客户
177,2026-05-26,paid,16.0,2.0,4.0,1.0,11.0,0.0,犹豫中客户
178,2026-02-21,organic,0.0,0.0,0.0,0.0,0.0,0.0,低活客户
179,2026-01-05,social,33.0,7.0,7.0,4.0,20.0,2.0,高价值客户
180,2025-12-09,organic,17.0,4.0,4.0,1.0,11.0,1.0,普通付费客户
181,2026-05-20,organic,8.0,2.0,2.0,0.0,6.0,0.0,犹豫中客户
182,2026-04-30,organic,0.0,0.0,0.0,0.0,0.0,0.0,低活客户
183,2026-01-31,social,54.0,9.0,10.0,3.0,40.0,1.0,高价值客户
184,2026-01-27,social,69.0,16.0,14.0,4.0,50.0,1.0,高价值客户
185,2026-05-15,organic,12.0,2.0,1.0,0.0,11.0,0.0,犹豫中客户
186,2026-01-24,paid,29.0,6.0,7.0,2.0,19.0,1.0,高价值客户
187,2026-04-24,social,15.0,3.0,3.0,1.0,10.0,1.0,普通付费客户
188,2026-05-28,paid,0.0,0.0,0.0,0.0,0.0,0.0,低活客户
189,2025-12-05,paid,117.0,23.0,19.0,9.0,84.0,5.0,高价值客户
190,2026-03-12,organic,15.0,2.0,3.0,0.0,12.0,0.0,犹豫中客户
191,2026-01-27,organic,54.0,11.0,11.0,4.0,37.0,2.0,高价值客户
192,2026-03-31,social,0.0,0.0,0.0,0.0,0.0,0.0,低活客户
193,2026-05-08,social,2.0,1.0,0.0,0.0,2.0,0.0,低活客户
194,2026-04-16,paid,0.0,0.0,0.0,0.0,0.0,0.0,低活客户
195,2025-12-15,organic,133.0,22.0,23.0,9.0,95.0,6.0,高价值客户
196,2026-03-06,organic,48.0,6.0,10.0,4.0,32.0,2.0,高价值客户
197,2025-12-04,paid,98.0,16.0,13.0,8.0,73.0,4.0,高价值客户
198,2026-05-22,social,8.0,2.0,1.0,1.0,6.0,0.0,犹豫中客户
199,2026-05-22,social,28.0,5.0,4.0,1.0,22.0,1.0,高价值客户
200,2026-03-21,paid,43.0,8.0,7.0,0.0,36.0,0.0,犹豫中客户
201,2026-01-10,paid,147.0,25.0,29.0,7.0,107.0,4.0,高价值客户
202,2026-03-22,organic,10.0,2.0,3.0,0.0,7.0,0.0,犹豫中客户
203,2026-04-02,organic,49.0,7.0,10.0,2.0,35.0,2.0,高价值客户
204,2026-04-16,social,2.0,1.0,0.0,0.0,2.0,0.0,低活客户
205,2026-01-15,paid,103.0,17.0,20.0,5.0,76.0,2.0,高价值客户
206,2026-03-27,organic,27.0,6.0,7.0,1.0,18.0,1.0,高价值客户
207,2026-04-09,organic,4.0,1.0,1.0,1.0,2.0,0.0,犹豫中客户
208,2026-01-08,paid,99.0,15.0,21.0,6.0,66.0,6.0,高价值客户
209,2026-04-19,organic,8.0,1.0,1.0,1.0,5.0,1.0,普通付费客户
210,2026-01-16,organic,56.0,9.0,11.0,8.0,31.0,6.0,高价值客户
211,2026-04-03,paid,1.0,1.0,0.0,0.0,1.0,0.0,低活客户
212,2026-05-10,paid,8.0,3.0,2.0,0.0,6.0,0.0,犹豫中客户
213,2026-01-22,paid,73.0,11.0,12.0,7.0,50.0,4.0,高价值客户
214,2026-05-25,organic,0.0,0.0,0.0,0.0,0.0,0.0,低活客户
215,2026-05-04,paid,34.0,5.0,7.0,2.0,23.0,2.0,高价值客户
216,2026-03-23,organic,77.0,12.0,15.0,2.0,59.0,1.0,高价值客户
217,2026-05-20,organic,0.0,0.0,0.0,0.0,0.0,0.0,低活客户
218,2026-01-22,paid,61.0,10.0,8.0,5.0,45.0,3.0,高价值客户
219,2025-12-23,paid,90.0,19.0,18.0,6.0,63.0,3.0,高价值客户
220,2026-05-20,social,13.0,2.0,2.0,1.0,10.0,0.0,犹豫中客户
221,2026-04-01,paid,42.0,8.0,7.0,3.0,32.0,0.0,犹豫中客户
222,2025-12-21,paid,151.0,26.0,29.0,7.0,109.0,6.0,高价值客户
223,2026-01-29,organic,6.0,1.0,1.0,0.0,5.0,0.0,犹豫中客户
224,2026-04-12,organic,9.0,1.0,2.0,1.0,5.0,1.0,普通付费客户
225,2026-04-27,organic,23.0,4.0,2.0,1.0,19.0,1.0,普通付费客户
226,2026-01-22,organic,45.0,8.0,9.0,2.0,32.0,2.0,高价值客户
227,2026-04-24,social,25.0,4.0,2.0,2.0,20.0,1.0,普通付费客户
228,2026-03-11,organic,31.0,5.0,9.0,2.0,19.0,1.0,高价值客户
229,2026-02-16,social,7.0,2.0,1.0,0.0,6.0,0.0,犹豫中客户
230,2026-05-12,paid,34.0,5.0,7.0,4.0,21.0,2.0,高价值客户
231,2026-02-16,paid,48.0,9.0,7.0,3.0,37.0,1.0,高价值客户
232,2026-02-22,paid,12.0,2.0,3.0,0.0,9.0,0.0,犹豫中客户
233,2026-03-28,paid,55.0,8.0,10.0,7.0,34.0,4.0,高价值客户
234,2026-02-11,organic,74.0,17.0,9.0,4.0,59.0,2.0,高价值客户
235,2026-04-22,organic,3.0,2.0,0.0,0.0,3.0,0.0,低活客户
236,2025-12-21,paid,1.0,1.0,0.0,0.0,1.0,0.0,低活客户
237,2026-01-06,organic,87.0,16.0,15.0,2.0,70.0,0.0,犹豫中客户
238,2026-03-31,organic,1.0,1.0,0.0,0.0,1.0,0.0,低活客户
239,2026-03-03,paid,63.0,13.0,9.0,3.0,49.0,2.0,高价值客户
240,2025-12-31,organic,132.0,21.0,19.0,2.0,109.0,2.0,高价值客户
241,2026-05-23,social,9.0,3.0,1.0,1.0,7.0,0.0,犹豫中客户
242,2026-03-15,social,18.0,5.0,3.0,0.0,15.0,0.0,犹豫中客户
243,2026-02-12,social,50.0,11.0,10.0,2.0,36.0,2.0,高价值客户
244,2026-03-25,organic,35.0,8.0,7.0,4.0,22.0,2.0,高价值客户
245,2026-04-20,organic,25.0,6.0,3.0,1.0,20.0,1.0,高价值客户
246,2026-02-17,social,58.0,11.0,8.0,3.0,47.0,0.0,犹豫中客户
247,2025-12-31,organic,133.0,23.0,27.0,6.0,97.0,3.0,高价值客户
248,2026-02-15,social,21.0,3.0,4.0,2.0,13.0,2.0,普通付费客户
249,2026-02-05,social,33.0,5.0,6.0,0.0,27.0,0.0,犹豫中客户
250,2026-05-11,social,12.0,3.0,2.0,1.0,8.0,1.0,普通付费客户
251,2026-04-08,organic,31.0,6.0,6.0,2.0,21.0,2.0,高价值客户
252,2026-02-16,organic,42.0,7.0,9.0,6.0,24.0,3.0,高价值客户
253,2026-04-29,social,30.0,5.0,8.0,4.0,17.0,1.0,高价值客户
254,2026-01-05,organic,124.0,22.0,21.0,8.0,90.0,5.0,高价值客户
255,2026-03-02,organic,32.0,5.0,8.0,0.0,24.0,0.0,犹豫中客户
256,2026-03-29,paid,27.0,4.0,7.0,3.0,15.0,2.0,普通付费客户
257,2025-12-05,social,173.0,28.0,36.0,11.0,118.0,8.0,高价值客户
258,2026-05-01,paid,13.0,3.0,2.0,1.0,9.0,1.0,普通付费客户
259,2026-01-30,paid,24.0,6.0,3.0,1.0,19.0,1.0,高价值客户
260,2026-04-24,organic,5.0,1.0,0.0,0.0,5.0,0.0,低活客户
261,2026-01-04,paid,91.0,17.0,16.0,6.0,65.0,4.0,高价值客户
262,2026-04-05,social,14.0,2.0,4.0,0.0,10.0,0.0,犹豫中客户
263,2026-03-09,organic,87.0,13.0,17.0,6.0,60.0,4.0,高价值客户
264,2026-01-05,paid,104.0,18.0,25.0,7.0,67.0,5.0,高价值客户
265,2026-03-22,social,40.0,7.0,6.0,2.0,31.0,1.0,高价值客户
266,2026-03-24,paid,61.0,10.0,13.0,5.0,39.0,4.0,高价值客户
267,2026-02-20,paid,60.0,15.0,10.0,3.0,47.0,0.0,犹豫中客户
268,2026-01-31,paid,115.0,21.0,26.0,5.0,81.0,3.0,高价值客户
269,2026-01-20,organic,19.0,4.0,2.0,1.0,15.0,1.0,普通付费客户
270,2026-02-06,organic,114.0,18.0,19.0,8.0,81.0,6.0,高价值客户
271,2026-03-25,social,66.0,9.0,11.0,4.0,50.0,1.0,高价值客户
272,2026-03-23,social,42.0,7.0,11.0,4.0,26.0,1.0,高价值客户
273,2026-03-07,social,0.0,0.0,0.0,0.0,0.0,0.0,低活客户
274,2026-05-13,social,0.0,0.0,0.0,0.0,0.0,0.0,低活客户
275,2026-04-23,paid,25.0,3.0,5.0,1.0,18.0,1.0,普通付费客户
276,2026-04-12,paid,46.0,7.0,6.0,3.0,34.0,3.0,高价值客户
277,2025-12-30,paid,84.0,13.0,12.0,4.0,66.0,2.0,高价值客户
278,2026-02-20,paid,23.0,4.0,4.0,1.0,18.0,0.0,犹豫中客户
279,2026-01-08,paid,46.0,9.0,10.0,2.0,32.0,2.0,高价值客户
280,2026-05-22,paid,6.0,1.0,1.0,0.0,5.0,0.0,犹豫中客户
281,2026-03-20,social,4.0,1.0,1.0,0.0,3.0,0.0,犹豫中客户
282,2026-05-24,organic,6.0,2.0,1.0,0.0,5.0,0.0,犹豫中客户
283,2026-05-16,organic,9.0,2.0,0.0,0.0,9.0,0.0,低活客户
284,2026-01-04,organic,74.0,12.0,11.0,2.0,59.0,2.0,高价值客户
285,2026-03-25,paid,22.0,4.0,6.0,1.0,15.0,0.0,犹豫中客户
286,2026-03-04,organic,53.0,7.0,10.0,3.0,38.0,2.0,高价值客户
287,2026-03-11,organic,63.0,11.0,13.0,3.0,45.0,2.0,高价值客户
288,2026-02-26,paid,19.0,5.0,5.0,3.0,10.0,1.0,高价值客户
289,2026-02-10,organic,27.0,4.0,3.0,1.0,23.0,0.0,犹豫中客户
290,2026-01-03,paid,46.0,9.0,5.0,2.0,39.0,0.0,犹豫中客户
291,2026-05-21,organic,34.0,5.0,4.0,3.0,25.0,2.0,高价值客户
292,2026-05-01,organic,2.0,1.0,0.0,0.0,2.0,0.0,低活客户
293,2026-01-24,social,11.0,2.0,2.0,1.0,7.0,1.0,普通付费客户
294,2026-02-02,organic,44.0,9.0,11.0,3.0,29.0,1.0,高价值客户
295,2026-05-11,organic,0.0,0.0,0.0,0.0,0.0,0.0,低活客户
296,2026-03-26,paid,50.0,7.0,8.0,2.0,39.0,1.0,高价值客户
297,2026-02-27,paid,7.0,2.0,1.0,0.0,6.0,0.0,犹豫中客户
298,2026-03-10,organic,30.0,6.0,5.0,3.0,21.0,1.0,高价值客户
299,2026-04-10,paid,26.0,4.0,4.0,2.0,20.0,0.0,犹豫中客户
300,2026-03-05,organic,93.0,17.0,18.0,8.0,59.0,8.0,高价值客户
301,2026-01-22,organic,8.0,2.0,0.0,0.0,8.0,0.0,低活客户
302,2026-01-19,paid,99.0,25.0,19.0,5.0,73.0,2.0,高价值客户
303,2026-05-16,paid,13.0,2.0,3.0,2.0,7.0,1.0,普通付费客户
304,2026-05-09,paid,9.0,2.0,1.0,0.0,8.0,0.0,犹豫中客户
305,2026-05-18,paid,0.0,0.0,0.0,0.0,0.0,0.0,低活客户
306,2026-02-14,social,50.0,11.0,7.0,2.0,40.0,1.0,高价值客户
307,2026-05-27,paid,0.0,0.0,0.0,0.0,0.0,0.0,低活客户
308,2025-12-16,organic,97.0,18.0,12.0,5.0,77.0,3.0,高价值客户
309,2026-01-05,paid,31.0,6.0,6.0,0.0,25.0,0.0,犹豫中客户
310,2025-12-13,organic,114.0,19.0,21.0,4.0,86.0,3.0,高价值客户
311,2025-12-29,organic,127.0,22.0,26.0,5.0,94.0,2.0,高价值客户
312,2025-12-05,organic,174.0,30.0,35.0,15.0,116.0,8.0,高价值客户
313,2026-05-05,organic,13.0,3.0,3.0,1.0,9.0,0.0,犹豫中客户
314,2026-02-10,social,96.0,18.0,19.0,5.0,67.0,5.0,高价值客户
315,2025-12-18,social,95.0,23.0,14.0,6.0,73.0,2.0,高价值客户
316,2026-04-26,paid,13.0,3.0,4.0,1.0,7.0,1.0,普通付费客户
317,2026-04-17,organic,29.0,4.0,6.0,2.0,19.0,2.0,普通付费客户
318,2026-03-06,organic,89.0,13.0,19.0,6.0,63.0,1.0,高价值客户
319,2026-02-24,organic,73.0,12.0,11.0,3.0,58.0,1.0,高价值客户
320,2026-01-01,organic,111.0,20.0,20.0,3.0,87.0,1.0,高价值客户
321,2026-01-30,paid,81.0,15.0,13.0,6.0,59.0,3.0,高价值客户
322,2026-03-09,paid,53.0,9.0,11.0,3.0,37.0,2.0,高价值客户
323,2026-03-08,paid,57.0,13.0,8.0,1.0,47.0,1.0,高价值客户
324,2026-02-02,organic,89.0,15.0,17.0,3.0,67.0,2.0,高价值客户
325,2025-12-15,social,67.0,12.0,15.0,5.0,45.0,2.0,高价值客户
326,2026-01-25,paid,27.0,7.0,4.0,0.0,23.0,0.0,犹豫中客户
327,2026-03-13,paid,54.0,9.0,8.0,0.0,46.0,0.0,犹豫中客户
328,2025-12-08,paid,121.0,23.0,14.0,7.0,96.0,4.0,高价值客户
329,2026-02-24,organic,16.0,3.0,3.0,1.0,12.0,0.0,犹豫中客户
330,2026-02-13,organic,11.0,3.0,1.0,0.0,10.0,0.0,犹豫中客户
331,2026-03-03,organic,10.0,4.0,2.0,0.0,8.0,0.0,犹豫中客户
332,2026-03-31,paid,14.0,3.0,1.0,0.0,13.0,0.0,犹豫中客户
333,2026-01-18,organic,10.0,3.0,2.0,1.0,6.0,1.0,普通付费客户
334,2026-02-11,organic,79.0,9.0,15.0,5.0,54.0,5.0,高价值客户
335,2026-04-15,organic,2.0,1.0,1.0,0.0,1.0,0.0,犹豫中客户
336,2026-01-19,organic,69.0,13.0,12.0,2.0,54.0,1.0,高价值客户
337,2026-04-18,social,49.0,8.0,7.0,3.0,38.0,1.0,高价值客户
338,2026-04-08,paid,22.0,6.0,4.0,1.0,17.0,0.0,犹豫中客户
339,2026-03-26,organic,13.0,2.0,2.0,1.0,10.0,0.0,犹豫中客户
340,2026-01-25,organic,8.0,2.0,1.0,0.0,7.0,0.0,犹豫中客户
341,2026-01-09,organic,88.0,15.0,14.0,8.0,62.0,4.0,高价值客户
342,2026-01-21,organic,39.0,7.0,5.0,1.0,32.0,1.0,高价值客户
343,2026-05-26,organic,0.0,0.0,0.0,0.0,0.0,0.0,低活客户
344,2026-03-07,organic,77.0,15.0,13.0,3.0,59.0,2.0,高价值客户
345,2026-05-25,organic,0.0,0.0,0.0,0.0,0.0,0.0,低活客户
346,2026-05-24,paid,5.0,1.0,0.0,0.0,5.0,0.0,低活客户
347,2026-03-01,paid,64.0,12.0,12.0,2.0,50.0,0.0,犹豫中客户
348,2026-03-08,organic,99.0,16.0,18.0,4.0,76.0,1.0,高价值客户
349,2025-12-08,organic,95.0,15.0,18.0,4.0,71.0,2.0,高价值客户
350,2026-02-06,paid,68.0,17.0,9.0,3.0,54.0,2.0,高价值客户
351,2025-12-24,paid,159.0,26.0,30.0,7.0,121.0,1.0,高价值客户
352,2026-04-12,social,17.0,4.0,3.0,1.0,12.0,1.0,普通付费客户
353,2026-04-13,paid,0.0,0.0,0.0,0.0,0.0,0.0,低活客户
354,2025-12-06,organic,84.0,13.0,16.0,4.0,62.0,2.0,高价值客户
355,2026-05-18,organic,9.0,1.0,1.0,0.0,8.0,0.0,犹豫中客户
356,2026-02-13,paid,58.0,10.0,7.0,3.0,46.0,2.0,高价值客户
357,2025-12-15,organic,110.0,18.0,21.0,11.0,75.0,3.0,高价值客户
358,2026-04-24,paid,34.0,5.0,8.0,4.0,21.0,1.0,高价值客户
359,2026-05-31,social,0.0,0.0,0.0,0.0,0.0,0.0,低活客户
360,2026-01-15,paid,12.0,3.0,2.0,0.0,10.0,0.0,犹豫中客户
361,2025-12-11,organic,134.0,25.0,30.0,15.0,80.0,9.0,高价值客户
362,2026-03-27,paid,65.0,11.0,9.0,3.0,50.0,3.0,高价值客户
363,2026-04-13,organic,31.0,4.0,6.0,0.0,25.0,0.0,犹豫中客户
364,2026-04-14,paid,17.0,3.0,2.0,1.0,13.0,1.0,普通付费客户
365,2026-05-02,social,0.0,0.0,0.0,0.0,0.0,0.0,低活客户
366,2025-12-09,organic,9.0,1.0,1.0,0.0,8.0,0.0,犹豫中客户
367,2026-01-28,social,20.0,3.0,4.0,1.0,15.0,0.0,犹豫中客户
368,2026-04-01,social,58.0,12.0,11.0,4.0,42.0,1.0,高价值客户
369,2026-03-05,organic,22.0,4.0,4.0,1.0,16.0,1.0,普通付费客户
370,2026-03-31,organic,35.0,7.0,5.0,2.0,27.0,1.0,高价值客户
371,2026-04-20,organic,17.0,3.0,4.0,1.0,11.0,1.0,普通付费客户
372,2026-03-17,organic,47.0,7.0,11.0,3.0,32.0,1.0,高价值客户
373,2026-02-09,organic,63.0,10.0,9.0,3.0,50.0,1.0,高价值客户
374,2025-12-30,paid,146.0,23.0,28.0,8.0,106.0,4.0,高价值客户
375,2026-04-02,organic,21.0,3.0,3.0,0.0,18.0,0.0,犹豫中客户
376,2026-03-24,organic,79.0,11.0,14.0,4.0,57.0,4.0,高价值客户
377,2026-05-30,social,7.0,2.0,0.0,0.0,7.0,0.0,低活客户
378,2026-05-29,organic,0.0,0.0,0.0,0.0,0.0,0.0,低活客户
379,2025-12-16,social,142.0,25.0,30.0,9.0,99.0,4.0,高价值客户
380,2026-01-13,organic,113.0,21.0,24.0,4.0,83.0,2.0,高价值客户
381,2026-03-07,organic,80.0,14.0,12.0,5.0,61.0,2.0,高价值客户
382,2025-12-02,paid,136.0,25.0,17.0,9.0,104.0,6.0,高价值客户
383,2026-01-13,paid,117.0,20.0,20.0,11.0,83.0,3.0,高价值客户
384,2025-12-08,social,69.0,12.0,11.0,3.0,54.0,1.0,高价值客户
385,2026-04-03,paid,48.0,8.0,7.0,0.0,41.0,0.0,犹豫中客户
386,2026-01-17,social,79.0,15.0,15.0,2.0,60.0,2.0,高价值客户
387,2026-03-05,organic,35.0,8.0,5.0,2.0,27.0,1.0,高价值客户
388,2025-12-02,organic,73.0,11.0,14.0,4.0,52.0,3.0,高价值客户
389,2026-03-05,paid,17.0,3.0,4.0,3.0,9.0,1.0,普通付费客户
390,2026-03-07,social,23.0,7.0,2.0,0.0,21.0,0.0,犹豫中客户
391,2026-01-31,social,66.0,13.0,10.0,4.0,51.0,1.0,高价值客户
392,2026-03-17,organic,8.0,2.0,2.0,0.0,6.0,0.0,犹豫中客户
393,2026-02-01,organic,68.0,14.0,13.0,5.0,47.0,3.0,高价值客户
394,2026-01-04,paid,95.0,16.0,16.0,6.0,68.0,5.0,高价值客户
395,2026-04-23,organic,7.0,1.0,1.0,0.0,6.0,0.0,犹豫中客户
396,2026-04-17,social,10.0,1.0,1.0,0.0,9.0,0.0,犹豫中客户
397,2025-12-22,social,52.0,8.0,10.0,4.0,38.0,0.0,犹豫中客户
398,2026-02-21,organic,10.0,1.0,1.0,0.0,9.0,0.0,犹豫中客户
399,2026-02-16,paid,0.0,0.0,0.0,0.0,0.0,0.0,低活客户
400,2025-12-18,paid,24.0,5.0,3.0,0.0,21.0,0.0,犹豫中客户
401,2026-04-05,organic,42.0,9.0,6.0,1.0,34.0,1.0,高价值客户
402,2025-12-04,social,135.0,22.0,24.0,13.0,91.0,7.0,高价值客户
403,2025-12-24,paid,31.0,5.0,7.0,0.0,24.0,0.0,犹豫中客户
404,2026-01-31,social,84.0,21.0,15.0,3.0,64.0,2.0,高价值客户
405,2026-05-08,organic,1.0,1.0,0.0,0.0,1.0,0.0,低活客户
406,2026-03-12,social,48.0,10.0,7.0,3.0,38.0,0.0,犹豫中客户
407,2026-01-12,organic,73.0,13.0,16.0,3.0,53.0,1.0,高价值客户
408,2026-05-27,organic,9.0,1.0,2.0,1.0,5.0,1.0,普通付费客户
409,2026-01-02,social,59.0,10.0,8.0,3.0,46.0,2.0,高价值客户
410,2026-04-06,organic,10.0,3.0,2.0,1.0,6.0,1.0,普通付费客户
411,2025-12-18,organic,106.0,18.0,18.0,7.0,77.0,4.0,高价值客户
412,2026-02-16,social,34.0,6.0,7.0,1.0,25.0,1.0,高价值客户
413,2026-03-21,social,68.0,12.0,17.0,6.0,41.0,4.0,高价值客户
414,2026-02-12,paid,20.0,5.0,5.0,3.0,12.0,0.0,犹豫中客户
415,2026-04-20,paid,41.0,7.0,11.0,2.0,28.0,0.0,犹豫中客户
416,2026-05-01,organic,27.0,4.0,4.0,2.0,20.0,1.0,普通付费客户
417,2026-04-29,organic,11.0,3.0,2.0,1.0,7.0,1.0,普通付费客户
418,2025-12-22,organic,155.0,27.0,31.0,9.0,109.0,6.0,高价值客户
419,2026-04-15,paid,15.0,2.0,4.0,0.0,11.0,0.0,犹豫中客户
420,2026-02-02,paid,110.0,20.0,17.0,1.0,91.0,1.0,高价值客户
421,2026-03-15,paid,17.0,3.0,5.0,1.0,10.0,1.0,普通付费客户
422,2026-05-13,paid,9.0,1.0,2.0,0.0,7.0,0.0,犹豫中客户
423,2026-05-29,organic,17.0,2.0,1.0,1.0,14.0,1.0,普通付费客户
424,2026-01-24,organic,103.0,19.0,18.0,6.0,78.0,1.0,高价值客户
425,2026-01-13,organic,77.0,14.0,11.0,5.0,58.0,3.0,高价值客户
426,2026-04-15,paid,4.0,1.0,0.0,0.0,4.0,0.0,低活客户
427,2026-02-01,organic,7.0,1.0,1.0,1.0,5.0,0.0,犹豫中客户
428,2026-04-28,social,15.0,3.0,3.0,0.0,12.0,0.0,犹豫中客户
429,2026-01-28,organic,31.0,8.0,6.0,3.0,20.0,2.0,高价值客户
430,2026-05-14,organic,10.0,1.0,3.0,1.0,6.0,0.0,犹豫中客户
431,2025-12-13,organic,1.0,1.0,0.0,0.0,1.0,0.0,低活客户
432,2026-04-11,paid,35.0,6.0,7.0,3.0,23.0,2.0,高价值客户
433,2026-05-01,paid,18.0,5.0,2.0,1.0,15.0,0.0,犹豫中客户
434,2026-04-25,organic,17.0,4.0,4.0,2.0,9.0,2.0,普通付费客户
435,2025-12-07,organic,125.0,26.0,22.0,5.0,95.0,3.0,高价值客户
436,2026-04-25,paid,0.0,0.0,0.0,0.0,0.0,0.0,低活客户
437,2026-04-04,organic,1.0,1.0,0.0,0.0,1.0,0.0,低活客户
438,2026-01-08,social,102.0,20.0,22.0,5.0,72.0,3.0,高价值客户
439,2026-01-12,paid,16.0,2.0,4.0,3.0,8.0,1.0,普通付费客户
440,2026-01-22,organic,82.0,16.0,10.0,4.0,66.0,2.0,高价值客户
441,2026-03-09,organic,13.0,3.0,3.0,2.0,7.0,1.0,普通付费客户
442,2026-02-17,social,71.0,11.0,16.0,6.0,46.0,3.0,高价值客户
443,2026-02-23,organic,41.0,8.0,8.0,2.0,29.0,2.0,高价值客户
444,2025-12-06,organic,104.0,19.0,20.0,7.0,74.0,3.0,高价值客户
445,2025-12-13,social,93.0,13.0,16.0,4.0,71.0,2.0,高价值客户
446,2026-05-11,social,21.0,3.0,3.0,1.0,17.0,0.0,犹豫中客户
447,2026-03-30,social,16.0,3.0,1.0,1.0,14.0,0.0,犹豫中客户
448,2026-05-30,paid,0.0,0.0,0.0,0.0,0.0,0.0,低活客户
449,2026-05-13,organic,17.0,3.0,3.0,1.0,12.0,1.0,普通付费客户
450,2025-12-14,organic,35.0,6.0,5.0,1.0,28.0,1.0,高价值客户
451,2025-12-09,paid,143.0,26.0,32.0,8.0,96.0,7.0,高价值客户
452,2026-04-01,paid,2.0,1.0,0.0,0.0,2.0,0.0,低活客户
453,2026-04-05,organic,7.0,3.0,0.0,0.0,7.0,0.0,低活客户
454,2026-03-20,social,14.0,3.0,2.0,0.0,12.0,0.0,犹豫中客户
455,2026-01-24,organic,13.0,3.0,2.0,0.0,11.0,0.0,犹豫中客户
456,2026-03-09,organic,6.0,2.0,1.0,0.0,5.0,0.0,犹豫中客户
457,2025-12-27,organic,1.0,1.0,0.0,0.0,1.0,0.0,低活客户
458,2026-06-02,organic,0.0,0.0,0.0,0.0,0.0,0.0,低活客户
459,2026-03-08,organic,44.0,7.0,9.0,1.0,34.0,0.0,犹豫中客户
460,2026-02-03,organic,84.0,16.0,16.0,7.0,55.0,6.0,高价值客户
461,2026-01-05,organic,6.0,1.0,0.0,0.0,6.0,0.0,低活客户
462,2026-03-25,paid,66.0,14.0,13.0,6.0,42.0,5.0,高价值客户
463,2026-01-07,paid,75.0,12.0,9.0,4.0,58.0,4.0,高价值客户
464,2026-03-24,paid,55.0,8.0,12.0,5.0,34.0,4.0,高价值客户
465,2026-02-12,social,54.0,9.0,14.0,4.0,33.0,3.0,高价值客户
466,2025-12-12,organic,58.0,10.0,12.0,2.0,44.0,0.0,犹豫中客户
467,2026-04-27,organic,4.0,1.0,0.0,0.0,4.0,0.0,低活客户
468,2026-05-24,social,3.0,1.0,0.0,0.0,3.0,0.0,低活客户
469,2026-04-08,organic,4.0,1.0,1.0,0.0,3.0,0.0,犹豫中客户
470,2026-04-04,social,31.0,6.0,5.0,1.0,25.0,0.0,犹豫中客户
471,2026-01-12,organic,86.0,14.0,16.0,3.0,64.0,3.0,高价值客户
472,2026-03-29,social,38.0,9.0,8.0,0.0,30.0,0.0,犹豫中客户
473,2026-05-29,organic,0.0,0.0,0.0,0.0,0.0,0.0,低活客户
474,2026-01-12,social,113.0,17.0,22.0,6.0,84.0,1.0,高价值客户
475,2026-04-27,paid,31.0,4.0,6.0,1.0,23.0,1.0,普通付费客户
476,2026-03-02,social,63.0,11.0,11.0,7.0,42.0,3.0,高价值客户
477,2026-04-12,organic,33.0,6.0,3.0,1.0,28.0,1.0,高价值客户
478,2026-05-19,paid,0.0,0.0,0.0,0.0,0.0,0.0,低活客户
479,2026-01-24,social,0.0,0.0,0.0,0.0,0.0,0.0,低活客户
480,2026-01-15,paid,98.0,20.0,21.0,5.0,71.0,1.0,高价值客户
481,2026-02-24,paid,38.0,6.0,7.0,3.0,25.0,3.0,高价值客户
482,2026-01-22,paid,115.0,21.0,20.0,7.0,84.0,4.0,高价值客户
483,2026-05-10,organic,4.0,1.0,1.0,0.0,3.0,0.0,犹豫中客户
484,2026-05-17,paid,14.0,2.0,3.0,1.0,9.0,1.0,普通付费客户
485,2026-05-19,paid,5.0,1.0,0.0,0.0,5.0,0.0,低活客户
486,2026-05-06,social,6.0,1.0,2.0,0.0,4.0,0.0,犹豫中客户
487,2026-01-28,organic,128.0,19.0,27.0,10.0,85.0,6.0,高价值客户
488,2026-02-16,organic,70.0,12.0,11.0,4.0,54.0,1.0,高价值客户
489,2025-12-22,social,22.0,6.0,6.0,0.0,16.0,0.0,犹豫中客户
490,2026-02-17,social,100.0,16.0,11.0,6.0,82.0,1.0,高价值客户
491,2026-06-02,organic,0.0,0.0,0.0,0.0,0.0,0.0,低活客户
492,2026-05-26,paid,0.0,0.0,0.0,0.0,0.0,0.0,低活客户
493,2026-05-11,organic,21.0,4.0,3.0,0.0,18.0,0.0,犹豫中客户
494,2026-05-31,organic,0.0,0.0,0.0,0.0,0.0,0.0,低活客户
495,2026-02-17,organic,41.0,8.0,7.0,4.0,28.0,2.0,高价值客户
496,2026-05-20,organic,6.0,3.0,1.0,0.0,5.0,0.0,犹豫中客户
497,2026-02-06,paid,114.0,21.0,23.0,4.0,85.0,2.0,高价值客户
498,2026-02-12,organic,87.0,16.0,15.0,5.0,65.0,2.0,高价值客户
499,2026-04-21,social,34.0,5.0,5.0,2.0,26.0,1.0,高价值客户
500,2026-02-08,social,56.0,13.0,6.0,2.0,46.0,2.0,高价值客户
501,2026-01-02,paid,154.0,27.0,27.0,9.0,114.0,4.0,高价值客户
502,2026-04-05,paid,0.0,0.0,0.0,0.0,0.0,0.0,低活客户
503,2026-05-03,organic,21.0,3.0,3.0,1.0,16.0,1.0,普通付费客户
504,2026-02-01,social,93.0,19.0,17.0,6.0,67.0,3.0,高价值客户
505,2026-03-05,paid,36.0,7.0,6.0,4.0,24.0,2.0,高价值客户
506,2026-03-05,organic,84.0,14.0,15.0,8.0,57.0,4.0,高价值客户
507,2025-12-22,social,109.0,20.0,19.0,4.0,84.0,2.0,高价值客户
508,2025-12-05,social,55.0,11.0,10.0,2.0,42.0,1.0,高价值客户
509,2026-05-01,social,19.0,3.0,4.0,2.0,12.0,1.0,普通付费客户
510,2026-04-13,paid,17.0,3.0,4.0,1.0,12.0,0.0,犹豫中客户
511,2026-01-17,paid,19.0,3.0,4.0,0.0,15.0,0.0,犹豫中客户
512,2026-03-15,organic,20.0,3.0,4.0,1.0,15.0,0.0,犹豫中客户
513,2026-02-06,social,8.0,2.0,0.0,0.0,8.0,0.0,低活客户
514,2026-04-03,social,9.0,2.0,3.0,1.0,5.0,0.0,犹豫中客户
515,2026-03-15,organic,68.0,14.0,12.0,3.0,51.0,2.0,高价值客户
516,2025-12-12,organic,47.0,8.0,7.0,3.0,35.0,2.0,高价值客户
517,2026-03-01,organic,53.0,11.0,14.0,3.0,36.0,0.0,犹豫中客户
518,2026-03-12,social,61.0,10.0,10.0,4.0,44.0,3.0,高价值客户
519,2026-02-14,social,18.0,3.0,2.0,0.0,16.0,0.0,犹豫中客户
520,2026-04-29,organic,17.0,2.0,3.0,2.0,10.0,2.0,普通付费客户
521,2026-03-18,paid,71.0,12.0,15.0,3.0,51.0,2.0,高价值客户
522,2026-03-23,organic,8.0,1.0,1.0,0.0,7.0,0.0,犹豫中客户
523,2026-01-24,social,50.0,9.0,8.0,4.0,34.0,4.0,高价值客户
524,2026-04-21,social,58.0,9.0,11.0,3.0,42.0,2.0,高价值客户
525,2026-04-17,social,8.0,2.0,1.0,0.0,7.0,0.0,犹豫中客户
526,2026-01-31,organic,76.0,15.0,14.0,5.0,53.0,4.0,高价值客户
527,2026-05-14,organic,23.0,4.0,4.0,2.0,16.0,1.0,普通付费客户
528,2026-02-16,organic,46.0,9.0,12.0,5.0,27.0,2.0,高价值客户
529,2025-12-11,organic,28.0,5.0,2.0,2.0,23.0,1.0,高价值客户
530,2025-12-12,social,143.0,24.0,27.0,8.0,104.0,4.0,高价值客户
531,2025-12-23,social,2.0,2.0,0.0,0.0,2.0,0.0,低活客户
532,2025-12-05,social,158.0,25.0,25.0,11.0,116.0,6.0,高价值客户
533,2026-03-26,social,12.0,2.0,3.0,1.0,7.0,1.0,普通付费客户
534,2026-01-11,paid,88.0,16.0,15.0,5.0,66.0,2.0,高价值客户
535,2026-01-02,paid,94.0,15.0,17.0,4.0,71.0,2.0,高价值客户
536,2026-03-27,social,42.0,10.0,5.0,2.0,34.0,1.0,高价值客户
537,2026-01-07,social,86.0,20.0,18.0,7.0,57.0,4.0,高价值客户
538,2026-05-11,organic,23.0,3.0,6.0,3.0,13.0,1.0,普通付费客户
539,2026-03-17,organic,25.0,7.0,4.0,1.0,20.0,0.0,犹豫中客户
540,2026-03-01,organic,88.0,14.0,21.0,6.0,59.0,2.0,高价值客户
541,2026-02-26,social,57.0,11.0,12.0,2.0,43.0,0.0,犹豫中客户
542,2026-05-18,paid,0.0,0.0,0.0,0.0,0.0,0.0,低活客户
543,2026-04-08,organic,3.0,1.0,0.0,0.0,3.0,0.0,低活客户
544,2026-04-05,paid,54.0,11.0,11.0,3.0,38.0,2.0,高价值客户
545,2026-01-03,paid,74.0,14.0,9.0,2.0,61.0,2.0,高价值客户
546,2026-03-28,organic,56.0,10.0,8.0,3.0,42.0,3.0,高价值客户
547,2026-04-24,organic,9.0,1.0,2.0,1.0,5.0,1.0,普通付费客户
548,2026-03-25,paid,28.0,4.0,6.0,3.0,18.0,1.0,普通付费客户
549,2026-03-04,paid,17.0,5.0,3.0,0.0,14.0,0.0,犹豫中客户
550,2025-12-23,paid,33.0,6.0,10.0,1.0,21.0,1.0,高价值客户
551,2026-02-19,paid,56.0,12.0,5.0,2.0,48.0,1.0,高价值客户
552,2025-12-08,social,110.0,27.0,15.0,4.0,88.0,3.0,高价值客户
553,2026-03-22,paid,87.0,14.0,13.0,3.0,69.0,2.0,高价值客户
554,2026-04-17,paid,35.0,8.0,8.0,1.0,25.0,1.0,高价值客户
555,2026-04-29,social,12.0,4.0,2.0,0.0,10.0,0.0,犹豫中客户
556,2026-01-01,organic,129.0,24.0,17.0,7.0,98.0,7.0,高价值客户
557,2026-04-26,organic,10.0,2.0,2.0,0.0,8.0,0.0,犹豫中客户
558,2025-12-23,organic,45.0,10.0,7.0,0.0,38.0,0.0,犹豫中客户
559,2025-12-18,paid,118.0,21.0,22.0,7.0,85.0,4.0,高价值客户
560,2026-05-26,paid,0.0,0.0,0.0,0.0,0.0,0.0,低活客户
561,2026-04-29,paid,12.0,3.0,2.0,2.0,7.0,1.0,普通付费客户
562,2026-03-11,organic,33.0,7.0,8.0,2.0,21.0,2.0,高价值客户
563,2026-02-23,organic,49.0,9.0,9.0,3.0,37.0,0.0,犹豫中客户
564,2026-03-06,organic,38.0,8.0,5.0,2.0,30.0,1.0,高价值客户
565,2026-04-10,organic,44.0,7.0,6.0,0.0,38.0,0.0,犹豫中客户
566,2026-03-01,paid,64.0,10.0,7.0,2.0,54.0,1.0,高价值客户
567,2026-05-13,organic,0.0,0.0,0.0,0.0,0.0,0.0,低活客户
568,2025-12-11,organic,29.0,4.0,4.0,3.0,20.0,2.0,普通付费客户
569,2025-12-30,social,132.0,23.0,23.0,8.0,97.0,4.0,高价值客户
570,2025-12-21,organic,32.0,6.0,7.0,3.0,21.0,1.0,高价值客户
571,2026-05-14,paid,23.0,5.0,6.0,1.0,16.0,0.0,犹豫中客户
572,2025-12-18,paid,15.0,4.0,1.0,1.0,13.0,0.0,犹豫中客户
573,2026-04-19,organic,17.0,4.0,2.0,1.0,13.0,1.0,普通付费客户
574,2026-01-08,paid,55.0,11.0,7.0,2.0,46.0,0.0,犹豫中客户
575,2026-02-16,social,0.0,0.0,0.0,0.0,0.0,0.0,低活客户
576,2026-02-19,social,12.0,3.0,1.0,1.0,9.0,1.0,普通付费客户
577,2026-03-30,organic,54.0,9.0,7.0,1.0,45.0,1.0,高价值客户
578,2026-02-24,social,71.0,15.0,11.0,4.0,54.0,2.0,高价值客户
579,2026-04-25,organic,0.0,0.0,0.0,0.0,0.0,0.0,低活客户
580,2026-02-16,organic,31.0,7.0,3.0,1.0,27.0,0.0,犹豫中客户
581,2026-03-02,organic,82.0,14.0,16.0,5.0,59.0,2.0,高价值客户
582,2026-03-11,social,28.0,6.0,7.0,0.0,21.0,0.0,犹豫中客户
583,2025-12-26,organic,119.0,21.0,18.0,6.0,92.0,3.0,高价值客户
584,2026-04-19,organic,10.0,2.0,2.0,0.0,8.0,0.0,犹豫中客户
585,2025-12-19,paid,23.0,6.0,5.0,3.0,13.0,2.0,高价值客户
586,2026-02-21,organic,21.0,3.0,6.0,0.0,15.0,0.0,犹豫中客户
587,2026-05-01,organic,8.0,2.0,2.0,0.0,6.0,0.0,犹豫中客户
588,2026-04-08,organic,14.0,2.0,3.0,2.0,8.0,1.0,普通付费客户
589,2026-03-26,organic,56.0,10.0,12.0,3.0,39.0,2.0,高价值客户
590,2025-12-08,organic,176.0,29.0,33.0,10.0,127.0,6.0,高价值客户
591,2026-01-12,organic,106.0,18.0,17.0,2.0,85.0,2.0,高价值客户
592,2026-02-22,paid,40.0,5.0,7.0,1.0,31.0,1.0,高价值客户
593,2026-01-06,organic,13.0,4.0,2.0,0.0,11.0,0.0,犹豫中客户
594,2026-05-13,organic,8.0,1.0,1.0,0.0,7.0,0.0,犹豫中客户
595,2026-01-04,social,106.0,17.0,20.0,8.0,74.0,4.0,高价值客户
596,2026-03-19,organic,0.0,0.0,0.0,0.0,0.0,0.0,低活客户
597,2026-05-03,paid,26.0,3.0,4.0,2.0,18.0,2.0,普通付费客户
598,2026-05-11,organic,7.0,1.0,2.0,2.0,3.0,0.0,犹豫中客户
599,2025-12-14,organic,73.0,14.0,11.0,4.0,55.0,3.0,高价值客户
600,2026-04-24,organic,45.0,7.0,9.0,4.0,30.0,2.0,高价值客户
601,2026-03-03,organic,74.0,12.0,13.0,7.0,50.0,4.0,高价值客户
602,2025-12-27,organic,21.0,3.0,4.0,2.0,14.0,1.0,普通付费客户
603,2026-03-09,organic,2.0,1.0,0.0,0.0,2.0,0.0,低活客户
604,2026-03-20,organic,1.0,1.0,0.0,0.0,1.0,0.0,低活客户
605,2026-04-04,organic,27.0,7.0,5.0,3.0,16.0,3.0,高价值客户
606,2026-04-16,organic,30.0,5.0,5.0,1.0,24.0,0.0,犹豫中客户
607,2026-02-27,organic,12.0,2.0,2.0,1.0,8.0,1.0,普通付费客户
608,2026-05-21,organic,5.0,1.0,0.0,0.0,5.0,0.0,低活客户
609,2026-01-20,paid,18.0,3.0,2.0,2.0,14.0,0.0,犹豫中客户
610,2026-01-31,paid,133.0,20.0,25.0,8.0,95.0,5.0,高价值客户
611,2026-06-02,organic,0.0,0.0,0.0,0.0,0.0,0.0,低活客户
612,2026-04-27,paid,8.0,1.0,1.0,1.0,6.0,0.0,犹豫中客户
613,2026-05-26,paid,0.0,0.0,0.0,0.0,0.0,0.0,低活客户
614,2025-12-10,organic,75.0,16.0,12.0,2.0,59.0,2.0,高价值客户
615,2026-04-13,social,12.0,2.0,2.0,0.0,10.0,0.0,犹豫中客户
616,2026-04-25,social,26.0,3.0,7.0,1.0,17.0,1.0,普通付费客户
617,2026-02-19,organic,51.0,9.0,9.0,3.0,38.0,1.0,高价值客户
618,2026-04-25,organic,28.0,6.0,6.0,1.0,20.0,1.0,高价值客户
619,2026-02-28,social,59.0,12.0,10.0,3.0,45.0,1.0,高价值客户
620,2025-12-17,paid,14.0,3.0,2.0,0.0,12.0,0.0,犹豫中客户
621,2026-05-02,organic,2.0,1.0,0.0,0.0,2.0,0.0,低活客户
622,2026-04-05,organic,20.0,3.0,5.0,2.0,12.0,1.0,普通付费客户
623,2026-04-16,organic,19.0,4.0,3.0,1.0,14.0,1.0,普通付费客户
624,2026-03-23,organic,40.0,6.0,6.0,1.0,32.0,1.0,高价值客户
625,2026-04-19,paid,6.0,3.0,0.0,0.0,6.0,0.0,低活客户
626,2026-04-25,organic,27.0,5.0,4.0,2.0,20.0,1.0,高价值客户
627,2025-12-08,organic,117.0,20.0,20.0,5.0,90.0,2.0,高价值客户
628,2026-01-23,paid,134.0,22.0,27.0,8.0,94.0,5.0,高价值客户
629,2025-12-08,organic,57.0,13.0,7.0,3.0,46.0,1.0,高价值客户
630,2026-02-15,organic,52.0,10.0,13.0,2.0,36.0,1.0,高价值客户
631,2026-04-14,paid,19.0,2.0,4.0,1.0,13.0,1.0,普通付费客户
632,2025-12-24,social,81.0,14.0,13.0,6.0,58.0,4.0,高价值客户
633,2026-04-26,paid,7.0,2.0,1.0,1.0,5.0,0.0,犹豫中客户
634,2026-04-10,paid,10.0,2.0,2.0,1.0,7.0,0.0,犹豫中客户
635,2026-01-24,organic,44.0,6.0,9.0,2.0,31.0,2.0,高价值客户
636,2026-03-21,organic,8.0,3.0,1.0,0.0,7.0,0.0,犹豫中客户
637,2026-03-17,paid,78.0,14.0,13.0,4.0,60.0,1.0,高价值客户
638,2026-05-31,organic,0.0,0.0,0.0,0.0,0.0,0.0,低活客户
639,2026-04-01,organic,42.0,7.0,5.0,2.0,33.0,2.0,高价值客户
640,2025-12-05,organic,40.0,7.0,8.0,2.0,30.0,0.0,犹豫中客户
641,2026-01-20,organic,4.0,1.0,1.0,0.0,3.0,0.0,犹豫中客户
642,2026-01-05,organic,103.0,20.0,21.0,5.0,73.0,4.0,高价值客户
643,2026-05-09,organic,30.0,5.0,5.0,1.0,23.0,1.0,高价值客户
644,2026-03-12,organic,47.0,12.0,10.0,2.0,34.0,1.0,高价值客户
645,2025-12-13,organic,47.0,8.0,8.0,2.0,36.0,1.0,高价值客户
646,2026-05-15,social,19.0,3.0,3.0,2.0,12.0,2.0,普通付费客户
647,2025-12-02,paid,19.0,3.0,3.0,2.0,12.0,2.0,普通付费客户
648,2026-05-14,paid,5.0,2.0,2.0,0.0,3.0,0.0,犹豫中客户
649,2026-04-22,paid,10.0,3.0,1.0,0.0,9.0,0.0,犹豫中客户
650,2026-01-20,organic,127.0,22.0,21.0,4.0,100.0,2.0,高价值客户
651,2026-05-24,organic,14.0,2.0,4.0,1.0,9.0,0.0,犹豫中客户
652,2026-03-24,paid,45.0,8.0,11.0,1.0,33.0,0.0,犹豫中客户
653,2026-04-27,paid,16.0,3.0,2.0,1.0,12.0,1.0,普通付费客户
654,2026-05-24,paid,0.0,0.0,0.0,0.0,0.0,0.0,低活客户
655,2026-03-17,organic,44.0,6.0,10.0,3.0,29.0,2.0,高价值客户
656,2026-03-08,organic,66.0,13.0,13.0,4.0,47.0,2.0,高价值客户
657,2026-01-10,organic,48.0,8.0,8.0,5.0,33.0,2.0,高价值客户
658,2026-04-28,organic,5.0,1.0,0.0,0.0,5.0,0.0,低活客户
659,2025-12-08,paid,102.0,16.0,21.0,10.0,64.0,7.0,高价值客户
660,2025-12-07,paid,44.0,8.0,5.0,2.0,37.0,0.0,犹豫中客户
661,2026-02-05,organic,102.0,16.0,18.0,1.0,82.0,1.0,高价值客户
662,2026-02-09,social,80.0,14.0,12.0,6.0,57.0,5.0,高价值客户
663,2026-01-03,paid,21.0,5.0,5.0,1.0,15.0,0.0,犹豫中客户
664,2026-02-19,organic,42.0,7.0,8.0,3.0,29.0,2.0,高价值客户
665,2026-03-18,organic,0.0,0.0,0.0,0.0,0.0,0.0,低活客户
666,2026-01-25,organic,107.0,21.0,23.0,5.0,76.0,3.0,高价值客户
667,2026-05-04,organic,29.0,7.0,5.0,3.0,21.0,0.0,犹豫中客户
668,2025-12-29,organic,83.0,17.0,14.0,5.0,61.0,3.0,高价值客户
669,2025-12-17,organic,2.0,1.0,0.0,0.0,2.0,0.0,低活客户
670,2026-04-11,organic,33.0,5.0,5.0,2.0,24.0,2.0,高价值客户
671,2026-02-22,organic,54.0,11.0,8.0,3.0,41.0,2.0,高价值客户
672,2026-01-11,social,87.0,13.0,14.0,6.0,66.0,1.0,高价值客户
673,2026-05-17,organic,2.0,1.0,0.0,0.0,2.0,0.0,低活客户
674,2026-04-13,paid,56.0,8.0,11.0,4.0,39.0,2.0,高价值客户
675,2026-02-22,organic,9.0,1.0,1.0,0.0,8.0,0.0,犹豫中客户
676,2026-02-13,social,34.0,5.0,8.0,3.0,22.0,1.0,高价值客户
677,2025-12-08,organic,64.0,12.0,9.0,3.0,49.0,3.0,高价值客户
678,2026-04-29,organic,14.0,3.0,3.0,2.0,7.0,2.0,普通付费客户
679,2026-02-24,social,34.0,6.0,8.0,0.0,26.0,0.0,犹豫中客户
680,2026-03-12,social,47.0,8.0,8.0,2.0,37.0,0.0,犹豫中客户
681,2026-01-18,social,33.0,7.0,6.0,4.0,21.0,2.0,高价值客户
682,2026-01-12,organic,71.0,13.0,14.0,2.0,54.0,1.0,高价值客户
683,2026-03-23,organic,21.0,3.0,3.0,0.0,18.0,0.0,犹豫中客户
684,2026-04-05,paid,34.0,7.0,6.0,0.0,28.0,0.0,犹豫中客户
685,2026-05-19,social,7.0,1.0,1.0,1.0,4.0,1.0,普通付费客户
686,2025-12-07,paid,44.0,9.0,10.0,3.0,30.0,1.0,高价值客户
687,2026-03-19,paid,30.0,6.0,5.0,2.0,21.0,2.0,高价值客户
688,2026-01-16,organic,8.0,3.0,3.0,1.0,4.0,0.0,犹豫中客户
689,2025-12-15,paid,33.0,5.0,7.0,4.0,19.0,3.0,高价值客户
690,2026-03-22,organic,41.0,6.0,12.0,5.0,23.0,1.0,高价值客户
691,2026-03-22,organic,4.0,2.0,2.0,0.0,2.0,0.0,犹豫中客户
692,2026-03-12,organic,33.0,6.0,3.0,1.0,28.0,1.0,高价值客户
693,2026-03-04,paid,60.0,10.0,11.0,7.0,37.0,5.0,高价值客户
694,2026-01-19,organic,117.0,22.0,23.0,10.0,77.0,7.0,高价值客户
695,2026-02-25,organic,19.0,3.0,2.0,0.0,17.0,0.0,犹豫中客户
696,2026-01-26,paid,35.0,7.0,7.0,2.0,25.0,1.0,高价值客户
697,2026-01-24,organic,11.0,2.0,1.0,1.0,8.0,1.0,普通付费客户
698,2025-12-29,paid,150.0,24.0,27.0,7.0,111.0,5.0,高价值客户
699,2026-04-19,organic,8.0,2.0,1.0,0.0,7.0,0.0,犹豫中客户
700,2026-01-08,organic,18.0,3.0,3.0,0.0,15.0,0.0,犹豫中客户
701,2026-02-17,paid,86.0,14.0,12.0,5.0,68.0,1.0,高价值客户
702,2026-03-04,organic,45.0,11.0,6.0,2.0,36.0,1.0,高价值客户
703,2026-05-19,organic,0.0,0.0,0.0,0.0,0.0,0.0,低活客户
704,2026-04-07,organic,57.0,9.0,9.0,1.0,47.0,0.0,犹豫中客户
705,2026-04-25,organic,22.0,4.0,3.0,2.0,15.0,2.0,普通付费客户
706,2026-01-19,social,35.0,6.0,9.0,0.0,26.0,0.0,犹豫中客户
707,2026-01-26,organic,109.0,20.0,21.0,6.0,79.0,3.0,高价值客户
708,2026-04-24,social,8.0,2.0,1.0,1.0,5.0,1.0,普通付费客户
709,2026-04-09,organic,54.0,8.0,11.0,3.0,38.0,2.0,高价值客户
710,2026-01-14,paid,8.0,1.0,2.0,0.0,6.0,0.0,犹豫中客户
711,2026-05-10,paid,4.0,1.0,0.0,0.0,4.0,0.0,低活客户
712,2026-04-30,paid,15.0,3.0,3.0,2.0,9.0,1.0,普通付费客户
713,2026-04-30,organic,21.0,4.0,6.0,2.0,12.0,1.0,普通付费客户
714,2025-12-22,organic,114.0,21.0,21.0,7.0,81.0,5.0,高价值客户
715,2026-04-23,organic,25.0,5.0,4.0,2.0,18.0,1.0,高价值客户
716,2026-03-22,social,44.0,6.0,8.0,4.0,30.0,2.0,高价值客户
717,2026-01-01,social,126.0,24.0,25.0,4.0,95.0,2.0,高价值客户
718,2026-02-17,social,38.0,6.0,6.0,1.0,31.0,0.0,犹豫中客户
719,2026-05-22,organic,4.0,1.0,0.0,0.0,4.0,0.0,低活客户
720,2026-04-28,paid,7.0,1.0,2.0,0.0,5.0,0.0,犹豫中客户
721,2026-03-07,social,26.0,7.0,4.0,2.0,19.0,1.0,高价值客户
722,2026-05-13,organic,0.0,0.0,0.0,0.0,0.0,0.0,低活客户
723,2026-05-12,organic,23.0,4.0,5.0,1.0,16.0,1.0,普通付费客户
724,2026-01-14,paid,176.0,26.0,36.0,8.0,126.0,6.0,高价值客户
725,2025-12-21,paid,152.0,27.0,28.0,8.0,114.0,2.0,高价值客户
726,2026-01-16,social,75.0,14.0,13.0,2.0,60.0,0.0,犹豫中客户
727,2026-03-27,organic,18.0,3.0,5.0,1.0,11.0,1.0,普通付费客户
728,2026-04-05,paid,34.0,6.0,8.0,4.0,19.0,3.0,高价值客户
729,2026-05-26,organic,0.0,0.0,0.0,0.0,0.0,0.0,低活客户
730,2026-04-01,organic,72.0,11.0,16.0,6.0,47.0,3.0,高价值客户
731,2026-04-14,organic,0.0,0.0,0.0,0.0,0.0,0.0,低活客户
732,2026-04-06,social,37.0,6.0,5.0,2.0,29.0,1.0,高价值客户
733,2025-12-13,paid,3.0,2.0,0.0,0.0,3.0,0.0,低活客户
734,2026-05-23,paid,0.0,0.0,0.0,0.0,0.0,0.0,低活客户
735,2026-02-28,organic,114.0,19.0,21.0,4.0,88.0,1.0,高价值客户
736,2025-12-23,social,5.0,2.0,1.0,0.0,4.0,0.0,犹豫中客户
737,2026-02-09,organic,70.0,13.0,11.0,3.0,54.0,2.0,高价值客户
738,2025-12-03,social,151.0,28.0,24.0,8.0,112.0,7.0,高价值客户
739,2025-12-05,organic,29.0,4.0,6.0,1.0,22.0,0.0,犹豫中客户
740,2026-04-23,organic,5.0,1.0,1.0,0.0,4.0,0.0,犹豫中客户
741,2026-05-29,organic,0.0,0.0,0.0,0.0,0.0,0.0,低活客户
742,2026-01-26,organic,19.0,3.0,3.0,1.0,14.0,1.0,普通付费客户
743,2026-02-04,paid,3.0,1.0,1.0,0.0,2.0,0.0,犹豫中客户
744,2025-12-21,paid,127.0,23.0,30.0,11.0,84.0,2.0,高价值客户
745,2026-02-02,organic,51.0,8.0,8.0,1.0,41.0,1.0,高价值客户
746,2026-04-17,social,11.0,2.0,2.0,1.0,7.0,1.0,普通付费客户
747,2026-04-23,organic,31.0,5.0,7.0,0.0,24.0,0.0,犹豫中客户
748,2026-04-07,paid,17.0,4.0,1.0,0.0,16.0,0.0,犹豫中客户
749,2026-03-25,social,35.0,5.0,8.0,1.0,26.0,0.0,犹豫中客户
750,2026-05-08,paid,0.0,0.0,0.0,0.0,0.0,0.0,低活客户
751,2026-03-14,organic,1.0,1.0,0.0,0.0,1.0,0.0,低活客户
752,2026-04-19,social,43.0,6.0,8.0,3.0,29.0,3.0,高价值客户
753,2026-05-25,paid,11.0,2.0,2.0,1.0,7.0,1.0,普通付费客户
754,2026-04-20,organic,14.0,3.0,3.0,3.0,6.0,2.0,普通付费客户
755,2026-02-22,organic,3.0,1.0,1.0,0.0,2.0,0.0,犹豫中客户
756,2026-02-28,paid,53.0,7.0,12.0,2.0,38.0,1.0,高价值客户
757,2026-01-04,paid,64.0,11.0,13.0,6.0,42.0,3.0,高价值客户
758,2025-12-11,paid,10.0,2.0,1.0,0.0,9.0,0.0,犹豫中客户
759,2026-03-24,social,52.0,10.0,11.0,4.0,34.0,3.0,高价值客户
760,2025-12-08,paid,100.0,20.0,21.0,10.0,64.0,5.0,高价值客户
761,2026-05-11,organic,0.0,0.0,0.0,0.0,0.0,0.0,低活客户
762,2026-03-03,organic,41.0,11.0,5.0,3.0,32.0,1.0,高价值客户
763,2026-05-25,organic,0.0,0.0,0.0,0.0,0.0,0.0,低活客户
764,2026-05-28,paid,2.0,1.0,1.0,0.0,1.0,0.0,犹豫中客户
765,2026-03-17,organic,51.0,7.0,9.0,1.0,40.0,1.0,高价值客户
766,2026-02-21,paid,42.0,7.0,9.0,4.0,27.0,2.0,高价值客户
767,2026-01-25,paid,112.0,20.0,18.0,7.0,82.0,5.0,高价值客户
768,2026-03-02,social,5.0,1.0,1.0,0.0,4.0,0.0,犹豫中客户
769,2026-02-08,organic,81.0,16.0,12.0,8.0,56.0,5.0,高价值客户
770,2026-03-07,social,15.0,2.0,1.0,1.0,13.0,0.0,犹豫中客户
771,2026-03-04,organic,55.0,11.0,9.0,5.0,39.0,2.0,高价值客户
772,2026-02-14,social,20.0,2.0,4.0,1.0,14.0,1.0,普通付费客户
773,2026-03-22,organic,50.0,9.0,13.0,5.0,30.0,2.0,高价值客户
774,2026-01-01,organic,61.0,9.0,10.0,2.0,47.0,2.0,高价值客户
775,2026-02-19,paid,19.0,4.0,6.0,1.0,12.0,0.0,犹豫中客户
776,2026-03-01,organic,82.0,14.0,12.0,5.0,63.0,2.0,高价值客户
777,2026-01-20,organic,105.0,20.0,18.0,5.0,79.0,3.0,高价值客户
778,2026-02-22,paid,12.0,3.0,2.0,0.0,10.0,0.0,犹豫中客户
779,2026-05-17,paid,11.0,3.0,3.0,0.0,8.0,0.0,犹豫中客户
780,2026-03-16,paid,8.0,1.0,0.0,0.0,8.0,0.0,低活客户
781,2026-01-28,paid,142.0,21.0,29.0,7.0,103.0,3.0,高价值客户
782,2026-04-11,paid,33.0,5.0,3.0,2.0,27.0,1.0,高价值客户
783,2026-01-10,organic,38.0,6.0,7.0,2.0,29.0,0.0,犹豫中客户
784,2026-02-23,organic,59.0,13.0,10.0,4.0,42.0,3.0,高价值客户
785,2026-05-29,organic,0.0,0.0,0.0,0.0,0.0,0.0,低活客户
786,2026-04-10,social,31.0,4.0,8.0,4.0,16.0,3.0,普通付费客户
787,2026-04-13,paid,30.0,4.0,7.0,3.0,20.0,0.0,犹豫中客户
788,2026-01-10,organic,94.0,17.0,14.0,6.0,71.0,3.0,高价值客户
789,2026-04-07,organic,54.0,10.0,8.0,2.0,43.0,1.0,高价值客户
790,2026-01-26,social,138.0,21.0,27.0,9.0,96.0,6.0,高价值客户
791,2026-01-11,organic,82.0,17.0,15.0,5.0,60.0,2.0,高价值客户
792,2026-02-23,paid,71.0,14.0,17.0,5.0,48.0,1.0,高价值客户
793,2025-12-02,paid,119.0,22.0,22.0,6.0,86.0,5.0,高价值客户
794,2026-02-03,paid,103.0,19.0,22.0,8.0,68.0,5.0,高价值客户
795,2026-02-22,organic,51.0,9.0,5.0,3.0,40.0,3.0,高价值客户
796,2026-03-19,social,46.0,10.0,11.0,3.0,31.0,1.0,高价值客户
797,2025-12-11,social,29.0,4.0,6.0,4.0,17.0,2.0,普通付费客户
798,2026-01-05,paid,14.0,2.0,4.0,0.0,10.0,0.0,犹豫中客户
799,2026-01-24,paid,68.0,13.0,12.0,4.0,49.0,3.0,高价值客户
800,2026-04-06,social,11.0,2.0,3.0,0.0,8.0,0.0,犹豫中客户
801,2026-05-31,paid,10.0,1.0,2.0,1.0,7.0,0.0,犹豫中客户
802,2026-01-20,organic,94.0,18.0,15.0,5.0,71.0,3.0,高价值客户
803,2026-03-11,paid,0.0,0.0,0.0,0.0,0.0,0.0,低活客户
804,2026-04-11,paid,21.0,5.0,4.0,0.0,17.0,0.0,犹豫中客户
805,2026-02-17,organic,23.0,5.0,6.0,1.0,15.0,1.0,高价值客户
806,2026-02-08,paid,25.0,6.0,5.0,1.0,18.0,1.0,高价值客户
807,2026-03-06,social,37.0,5.0,6.0,2.0,28.0,1.0,高价值客户
808,2026-03-14,social,67.0,11.0,12.0,4.0,50.0,1.0,高价值客户
809,2026-04-01,organic,35.0,8.0,5.0,2.0,27.0,1.0,高价值客户
810,2026-04-08,organic,27.0,5.0,4.0,1.0,21.0,1.0,高价值客户
811,2026-03-15,social,37.0,6.0,8.0,1.0,27.0,1.0,高价值客户
812,2026-05-18,social,0.0,0.0,0.0,0.0,0.0,0.0,低活客户
813,2026-04-26,organic,33.0,6.0,5.0,2.0,25.0,1.0,高价值客户
814,2026-05-25,social,6.0,1.0,1.0,0.0,5.0,0.0,犹豫中客户
815,2026-02-10,social,56.0,7.0,6.0,2.0,46.0,2.0,高价值客户
816,2026-05-30,paid,2.0,1.0,1.0,0.0,1.0,0.0,犹豫中客户
817,2026-03-10,paid,39.0,9.0,9.0,2.0,28.0,0.0,犹豫中客户
818,2026-03-21,organic,54.0,10.0,7.0,6.0,38.0,3.0,高价值客户
819,2026-04-15,organic,14.0,2.0,2.0,1.0,10.0,1.0,普通付费客户
820,2026-04-07,organic,47.0,8.0,11.0,3.0,32.0,1.0,高价值客户
821,2025-12-24,social,18.0,3.0,4.0,2.0,11.0,1.0,普通付费客户
822,2026-05-10,organic,0.0,0.0,0.0,0.0,0.0,0.0,低活客户
823,2026-01-01,organic,157.0,26.0,24.0,8.0,122.0,3.0,高价值客户
824,2026-02-13,organic,5.0,1.0,1.0,0.0,4.0,0.0,犹豫中客户
825,2025-12-07,paid,129.0,26.0,23.0,3.0,101.0,2.0,高价值客户
826,2026-05-21,social,0.0,0.0,0.0,0.0,0.0,0.0,低活客户
827,2026-04-10,organic,0.0,0.0,0.0,0.0,0.0,0.0,低活客户
828,2025-12-30,organic,102.0,19.0,19.0,5.0,76.0,2.0,高价值客户
829,2026-05-28,paid,0.0,0.0,0.0,0.0,0.0,0.0,低活客户
830,2026-05-27,organic,0.0,0.0,0.0,0.0,0.0,0.0,低活客户
831,2025-12-08,organic,2.0,1.0,0.0,0.0,2.0,0.0,低活客户
832,2025-12-26,organic,53.0,9.0,11.0,4.0,37.0,1.0,高价值客户
833,2026-05-08,organic,38.0,6.0,5.0,2.0,30.0,1.0,高价值客户
834,2026-02-20,organic,52.0,8.0,9.0,2.0,41.0,0.0,犹豫中客户
835,2026-02-25,organic,22.0,5.0,4.0,0.0,18.0,0.0,犹豫中客户
836,2026-06-02,organic,0.0,0.0,0.0,0.0,0.0,0.0,低活客户
837,2026-02-18,social,25.0,5.0,5.0,1.0,18.0,1.0,高价值客户
838,2026-05-11,organic,8.0,1.0,2.0,1.0,4.0,1.0,普通付费客户
839,2026-05-12,paid,13.0,2.0,3.0,1.0,8.0,1.0,普通付费客户
840,2026-04-15,paid,60.0,9.0,12.0,4.0,43.0,1.0,高价值客户
841,2026-05-01,organic,46.0,6.0,9.0,3.0,32.0,2.0,高价值客户
842,2026-04-12,paid,31.0,6.0,7.0,3.0,18.0,3.0,高价值客户
843,2025-12-15,organic,64.0,13.0,12.0,3.0,48.0,1.0,高价值客户
844,2026-04-27,social,2.0,1.0,0.0,0.0,2.0,0.0,低活客户
845,2026-01-16,organic,71.0,15.0,13.0,5.0,49.0,4.0,高价值客户
846,2026-05-26,organic,0.0,0.0,0.0,0.0,0.0,0.0,低活客户
847,2026-04-14,organic,39.0,7.0,7.0,3.0,27.0,2.0,高价值客户
848,2026-05-11,social,5.0,1.0,1.0,0.0,4.0,0.0,犹豫中客户
849,2026-02-15,paid,15.0,2.0,3.0,0.0,12.0,0.0,犹豫中客户
850,2026-02-19,paid,20.0,3.0,4.0,1.0,14.0,1.0,普通付费客户
851,2026-04-03,organic,0.0,0.0,0.0,0.0,0.0,0.0,低活客户
852,2025-12-23,paid,79.0,15.0,14.0,7.0,54.0,4.0,高价值客户
853,2026-03-28,organic,31.0,4.0,10.0,2.0,18.0,1.0,普通付费客户
854,2026-05-06,social,9.0,1.0,1.0,0.0,8.0,0.0,犹豫中客户
855,2026-04-21,organic,28.0,5.0,3.0,1.0,23.0,1.0,高价值客户
856,2026-04-21,organic,22.0,5.0,6.0,2.0,14.0,0.0,犹豫中客户
857,2026-02-22,organic,41.0,10.0,6.0,0.0,35.0,0.0,犹豫中客户
858,2026-05-23,organic,10.0,1.0,1.0,1.0,8.0,0.0,犹豫中客户
859,2026-05-25,paid,10.0,1.0,3.0,0.0,7.0,0.0,犹豫中客户
860,2025-12-05,organic,101.0,20.0,15.0,2.0,84.0,0.0,犹豫中客户
861,2026-01-12,paid,127.0,22.0,19.0,5.0,101.0,2.0,高价值客户
862,2026-05-24,organic,9.0,1.0,3.0,1.0,4.0,1.0,普通付费客户
863,2026-03-20,paid,4.0,2.0,1.0,0.0,3.0,0.0,犹豫中客户
864,2026-05-17,organic,22.0,3.0,4.0,0.0,18.0,0.0,犹豫中客户
865,2026-01-21,organic,114.0,21.0,17.0,3.0,91.0,3.0,高价值客户
866,2025-12-26,paid,10.0,2.0,3.0,3.0,3.0,1.0,普通付费客户
867,2025-12-26,organic,24.0,3.0,5.0,1.0,18.0,0.0,犹豫中客户
868,2026-01-01,organic,19.0,3.0,3.0,1.0,15.0,0.0,犹豫中客户
869,2025-12-21,social,73.0,12.0,11.0,3.0,56.0,3.0,高价值客户
870,2026-05-05,social,10.0,2.0,1.0,1.0,8.0,0.0,犹豫中客户
871,2026-01-06,organic,68.0,10.0,10.0,3.0,53.0,2.0,高价值客户
872,2026-01-28,organic,27.0,4.0,4.0,0.0,23.0,0.0,犹豫中客户
873,2026-04-09,paid,77.0,12.0,10.0,4.0,62.0,1.0,高价值客户
874,2026-03-13,organic,44.0,9.0,4.0,3.0,35.0,2.0,高价值客户
875,2025-12-04,organic,120.0,25.0,26.0,9.0,81.0,4.0,高价值客户
876,2026-05-01,organic,24.0,4.0,4.0,1.0,18.0,1.0,普通付费客户
877,2025-12-25,paid,51.0,10.0,8.0,3.0,38.0,2.0,高价值客户
878,2025-12-26,paid,146.0,24.0,27.0,6.0,108.0,5.0,高价值客户
879,2026-03-31,organic,17.0,2.0,2.0,1.0,13.0,1.0,普通付费客户
880,2026-01-06,organic,89.0,21.0,12.0,6.0,69.0,2.0,高价值客户
881,2026-05-31,organic,0.0,0.0,0.0,0.0,0.0,0.0,低活客户
882,2025-12-27,paid,5.0,2.0,1.0,1.0,2.0,1.0,普通付费客户
883,2026-02-28,organic,52.0,9.0,9.0,4.0,38.0,1.0,高价值客户
884,2026-01-01,organic,84.0,18.0,14.0,3.0,65.0,2.0,高价值客户
885,2026-03-24,paid,7.0,2.0,0.0,0.0,7.0,0.0,低活客户
886,2026-04-26,organic,41.0,7.0,6.0,2.0,32.0,1.0,高价值客户
887,2025-12-06,paid,92.0,15.0,19.0,6.0,65.0,2.0,高价值客户
888,2025-12-20,organic,134.0,26.0,28.0,8.0,93.0,5.0,高价值客户
889,2026-02-01,organic,14.0,2.0,2.0,0.0,12.0,0.0,犹豫中客户
890,2025-12-16,organic,44.0,8.0,6.0,3.0,34.0,1.0,高价值客户
891,2026-05-11,paid,0.0,0.0,0.0,0.0,0.0,0.0,低活客户
892,2026-05-21,social,6.0,1.0,2.0,1.0,2.0,1.0,普通付费客户
893,2026-01-07,social,112.0,23.0,22.0,7.0,78.0,5.0,高价值客户
894,2026-01-11,organic,42.0,7.0,7.0,3.0,29.0,3.0,高价值客户
895,2025-12-22,paid,29.0,6.0,5.0,1.0,22.0,1.0,高价值客户
896,2026-03-08,organic,80.0,13.0,18.0,4.0,57.0,1.0,高价值客户
897,2026-02-24,organic,3.0,1.0,0.0,0.0,3.0,0.0,低活客户
898,2026-02-06,social,12.0,2.0,3.0,1.0,8.0,0.0,犹豫中客户
899,2026-01-23,organic,23.0,5.0,5.0,2.0,15.0,1.0,高价值客户
900,2026-01-13,organic,67.0,13.0,13.0,5.0,47.0,2.0,高价值客户
901,2026-04-22,organic,5.0,1.0,1.0,0.0,4.0,0.0,犹豫中客户
902,2026-03-22,organic,56.0,13.0,8.0,4.0,43.0,1.0,高价值客户
903,2026-04-27,organic,25.0,4.0,4.0,0.0,21.0,0.0,犹豫中客户
904,2026-05-04,paid,31.0,6.0,3.0,2.0,25.0,1.0,高价值客户
905,2026-05-25,organic,4.0,1.0,1.0,0.0,3.0,0.0,犹豫中客户
906,2026-05-21,social,5.0,1.0,1.0,1.0,2.0,1.0,普通付费客户
907,2026-04-22,social,40.0,7.0,6.0,2.0,30.0,2.0,高价值客户
908,2025-12-05,organic,27.0,6.0,5.0,1.0,21.0,0.0,犹豫中客户
909,2026-05-15,organic,0.0,0.0,0.0,0.0,0.0,0.0,低活客户
910,2026-05-01,organic,14.0,3.0,3.0,0.0,11.0,0.0,犹豫中客户
911,2026-02-17,paid,5.0,1.0,1.0,1.0,2.0,1.0,普通付费客户
912,2026-05-24,organic,16.0,3.0,4.0,2.0,9.0,1.0,普通付费客户
913,2025-12-15,paid,118.0,23.0,17.0,4.0,96.0,1.0,高价值客户
914,2026-01-22,organic,82.0,13.0,22.0,2.0,57.0,1.0,高价值客户
915,2025-12-04,paid,9.0,1.0,2.0,1.0,5.0,1.0,普通付费客户
916,2026-03-21,organic,6.0,1.0,2.0,0.0,4.0,0.0,犹豫中客户
917,2026-06-02,organic,0.0,0.0,0.0,0.0,0.0,0.0,低活客户
918,2026-04-16,social,16.0,2.0,3.0,2.0,9.0,2.0,普通付费客户
919,2026-03-20,paid,26.0,5.0,5.0,1.0,19.0,1.0,高价值客户
920,2026-03-30,organic,35.0,6.0,7.0,2.0,26.0,0.0,犹豫中客户
921,2026-04-25,social,26.0,5.0,5.0,3.0,16.0,2.0,高价值客户
922,2025-12-09,organic,180.0,29.0,33.0,6.0,138.0,3.0,高价值客户
923,2026-04-05,social,37.0,5.0,9.0,3.0,22.0,3.0,高价值客户
924,2026-03-26,paid,0.0,0.0,0.0,0.0,0.0,0.0,低活客户
925,2025-12-25,organic,63.0,12.0,10.0,5.0,45.0,3.0,高价值客户
926,2026-03-18,organic,15.0,3.0,1.0,1.0,13.0,0.0,犹豫中客户
927,2026-03-02,organic,42.0,7.0,10.0,3.0,28.0,1.0,高价值客户
928,2026-05-04,paid,16.0,5.0,3.0,0.0,13.0,0.0,犹豫中客户
929,2026-03-01,paid,69.0,11.0,14.0,3.0,50.0,2.0,高价值客户
930,2026-05-16,organic,11.0,2.0,4.0,1.0,6.0,0.0,犹豫中客户
931,2026-05-16,organic,0.0,0.0,0.0,0.0,0.0,0.0,低活客户
932,2026-02-22,social,78.0,14.0,11.0,7.0,58.0,2.0,高价值客户
933,2026-04-20,social,42.0,8.0,10.0,2.0,30.0,0.0,犹豫中客户
934,2026-03-17,paid,50.0,8.0,6.0,4.0,37.0,3.0,高价值客户
935,2025-12-07,organic,91.0,16.0,19.0,6.0,64.0,2.0,高价值客户
936,2026-01-29,organic,21.0,4.0,2.0,1.0,18.0,0.0,犹豫中客户
937,2025-12-26,organic,27.0,4.0,6.0,2.0,18.0,1.0,普通付费客户
938,2025-12-30,social,108.0,17.0,21.0,8.0,76.0,3.0,高价值客户
939,2025-12-14,organic,11.0,2.0,2.0,0.0,9.0,0.0,犹豫中客户
940,2026-03-03,paid,60.0,8.0,11.0,3.0,43.0,3.0,高价值客户
941,2026-04-04,organic,25.0,8.0,5.0,0.0,20.0,0.0,犹豫中客户
942,2026-03-28,paid,41.0,7.0,9.0,3.0,27.0,2.0,高价值客户
943,2025-12-31,paid,81.0,16.0,14.0,5.0,59.0,3.0,高价值客户
944,2026-02-21,social,132.0,19.0,27.0,6.0,96.0,3.0,高价值客户
945,2026-04-11,organic,31.0,7.0,6.0,1.0,23.0,1.0,高价值客户
946,2025-12-26,organic,103.0,18.0,20.0,5.0,73.0,5.0,高价值客户
947,2026-02-01,organic,92.0,15.0,20.0,5.0,62.0,5.0,高价值客户
948,2026-05-05,social,11.0,2.0,4.0,0.0,7.0,0.0,犹豫中客户
949,2026-04-17,social,0.0,0.0,0.0,0.0,0.0,0.0,低活客户
950,2026-05-31,paid,16.0,2.0,4.0,2.0,8.0,2.0,普通付费客户
951,2026-03-12,paid,61.0,9.0,10.0,3.0,45.0,3.0,高价值客户
952,2026-03-06,paid,15.0,3.0,2.0,1.0,11.0,1.0,普通付费客户
953,2026-02-19,organic,54.0,11.0,9.0,5.0,38.0,2.0,高价值客户
954,2026-05-11,social,3.0,1.0,1.0,0.0,2.0,0.0,犹豫中客户
955,2025-12-02,organic,31.0,5.0,5.0,2.0,24.0,0.0,犹豫中客户
956,2026-04-22,organic,34.0,10.0,5.0,0.0,29.0,0.0,犹豫中客户
957,2026-05-31,paid,7.0,1.0,2.0,2.0,2.0,1.0,普通付费客户
958,2026-01-31,organic,21.0,3.0,4.0,2.0,14.0,1.0,普通付费客户
959,2026-01-15,organic,13.0,3.0,2.0,1.0,10.0,0.0,犹豫中客户
960,2026-05-25,paid,9.0,1.0,3.0,2.0,3.0,1.0,普通付费客户
961,2026-01-05,organic,0.0,0.0,0.0,0.0,0.0,0.0,低活客户
962,2026-03-01,paid,14.0,3.0,3.0,2.0,7.0,2.0,普通付费客户
963,2025-12-31,organic,90.0,15.0,19.0,6.0,63.0,2.0,高价值客户
964,2026-04-30,organic,16.0,3.0,1.0,0.0,15.0,0.0,犹豫中客户
965,2026-03-13,organic,43.0,8.0,9.0,0.0,34.0,0.0,犹豫中客户
966,2026-02-07,organic,43.0,8.0,6.0,2.0,35.0,0.0,犹豫中客户
967,2026-02-18,paid,32.0,7.0,4.0,3.0,22.0,3.0,高价值客户
968,2026-02-15,organic,59.0,9.0,13.0,7.0,35.0,4.0,高价值客户
969,2026-05-04,paid,27.0,4.0,6.0,0.0,21.0,0.0,犹豫中客户
970,2026-04-10,organic,40.0,6.0,8.0,1.0,30.0,1.0,高价值客户
971,2025-12-08,paid,60.0,11.0,9.0,6.0,40.0,5.0,高价值客户
972,2026-05-27,social,0.0,0.0,0.0,0.0,0.0,0.0,低活客户
973,2026-04-02,paid,29.0,5.0,5.0,2.0,21.0,1.0,高价值客户
974,2026-03-07,organic,89.0,15.0,21.0,8.0,58.0,2.0,高价值客户
975,2025-12-27,organic,135.0,22.0,25.0,7.0,98.0,5.0,高价值客户
976,2026-05-28,organic,0.0,0.0,0.0,0.0,0.0,0.0,低活客户
977,2026-05-14,paid,0.0,0.0,0.0,0.0,0.0,0.0,低活客户
978,2026-04-07,organic,23.0,3.0,6.0,1.0,16.0,0.0,犹豫中客户
979,2026-02-22,organic,101.0,15.0,17.0,3.0,78.0,3.0,高价值客户
980,2026-02-05,paid,110.0,19.0,21.0,6.0,79.0,4.0,高价值客户
981,2026-03-02,organic,31.0,8.0,5.0,1.0,25.0,0.0,犹豫中客户
982,2026-04-02,paid,13.0,3.0,1.0,1.0,10.0,1.0,普通付费客户
983,2026-03-13,organic,17.0,4.0,4.0,2.0,11.0,0.0,犹豫中客户
984,2026-03-31,organic,31.0,4.0,5.0,2.0,23.0,1.0,普通付费客户
985,2026-01-28,paid,51.0,12.0,11.0,3.0,34.0,3.0,高价值客户
986,2026-03-31,organic,38.0,7.0,7.0,5.0,24.0,2.0,高价值客户
987,2026-02-27,paid,72.0,12.0,13.0,3.0,55.0,1.0,高价值客户
988,2026-04-28,organic,18.0,3.0,3.0,0.0,15.0,0.0,犹豫中客户
989,2026-04-11,organic,20.0,5.0,5.0,2.0,12.0,1.0,高价值客户
990,2026-04-01,social,48.0,7.0,9.0,3.0,33.0,3.0,高价值客户
991,2026-03-21,paid,42.0,8.0,7.0,4.0,28.0,3.0,高价值客户
992,2026-01-06,paid,132.0,21.0,23.0,7.0,99.0,3.0,高价值客户
993,2026-02-13,organic,84.0,14.0,18.0,8.0,53.0,5.0,高价值客户
994,2025-12-05,paid,62.0,11.0,7.0,2.0,52.0,1.0,高价值客户
995,2026-02-10,organic,19.0,4.0,3.0,2.0,13.0,1.0,普通付费客户
996,2026-02-21,organic,25.0,3.0,5.0,3.0,14.0,3.0,普通付费客户
997,2026-05-18,social,10.0,3.0,2.0,1.0,6.0,1.0,普通付费客户
998,2026-04-13,organic,24.0,5.0,3.0,1.0,19.0,1.0,高价值客户
999,2026-04-25,social,10.0,3.0,1.0,1.0,7.0,1.0,普通付费客户
1000,2026-01-12,organic,0.0,0.0,0.0,0.0,0.0,0.0,低活客户
